"#SampleID","C0047-7E-1A_taxonomic_profile","C0052-7E-1A_taxonomic_profile","C0053-8E-1A_taxonomic_profile","C0058-4E-1A_taxonomic_profile","C0059-4E-1A_taxonomic_profile","C0106-6E-1A_taxonomic_profile","C0107-4E-1A_taxonomic_profile","C0123-3E-1A_taxonomic_profile","C0126-9E-1A_taxonomic_profile","C0127-7E-1A_taxonomic_profile","C0202-6E-1A_taxonomic_profile","C0237-4E-1A_taxonomic_profile","C0286-6E-1A_taxonomic_profile","C0296-6E-1A_taxonomic_profile","C0332-4E-1A_taxonomic_profile","C0469-2E-1A_taxonomic_profile","C0494-2E-1A_taxonomic_profile","C0623-1E-1A_taxonomic_profile","C0660-1E-1A_taxonomic_profile","C0672-1E-1A_taxonomic_profile","C0673-1E-1A_taxonomic_profile","C0679-1E-1A_taxonomic_profile","C0683-1E-1A_taxonomic_profile","C0686-1E-1A_taxonomic_profile","C0688-1E-1A_taxonomic_profile","C0694-1E-1A_taxonomic_profile","C0724-1E-1A_taxonomic_profile","C0725-1E-1A_taxonomic_profile","C0730-1E-1A_taxonomic_profile","C0735-1E-1A_taxonomic_profile","C0743-1E-1A_taxonomic_profile","C0767-1E-1A_taxonomic_profile","C0768-1E-1A_taxonomic_profile","C0784-1E-1A_taxonomic_profile","C0785-1E-1A_taxonomic_profile","C0788-1E-1A_taxonomic_profile","C0789-1E-1A_taxonomic_profile","C0799-1E-1A_taxonomic_profile","C0811-1E-1A_taxonomic_profile","C0825-1E-1A_taxonomic_profile","C0837-1E-1A_taxonomic_profile","C2002-3E-1A_taxonomic_profile","C2014-2E-1A_taxonomic_profile","C2018-3E-1A_taxonomic_profile","M0644-3E-1A_taxonomic_profile","M0647-2E-1A_taxonomic_profile","M0651-2E-1A_taxonomic_profile","M0652-3E-1A_taxonomic_profile"
"Methanobrevibacter_smithii",0.0,0.82137,0.0,0.0,0.0,0.0,0.0,0.0,0.0,2.09942,0.0,0.0,0.0,0.0,0.0,0.0,0.0,0.0,0.0,0.0,0.0,0.0,0.0,0.0,0.0,0.0,0.0,0.0,0.0,0.0,0.45444,0.0,0.0,0.0,0.0,0.0,0.0,0.0,0.0,0.0,0.0,0.0,0.0,0.0,0.0,0.0,1.6576300000000002,0.0
"Granulicella_unclassified",0.0,0.0,0.0,0.0,0.0,0.0,0.0,0.00844,0.0,0.0,0.0,0.0,0.0,0.0,0.0,0.0,0.0,0.0,0.0,0.0,0.0,0.0,0.0,0.0,0.0,0.0,0.0,0.0,0.0,0.0,0.0,0.0,0.01664,0.0,0.0,0.0,0.0,0.0,0.0,0.0,0.0,0.0,0.0,0.0,0.0,0.0,0.0,0.0
"Actinomyces_graevenitzii",0.0,0.0,0.0,0.0,0.0,0.0,0.0,0.0,0.0,0.0,0.0,0.0,0.0,0.0,0.0,0.0,0.0,0.0,0.0,0.08049,0.0,0.0,0.0,0.0,0.0,0.0,0.0,0.0,0.0,0.0103,0.0,0.0,0.0,0.0,0.0,0.0,0.0,0.0,0.0,0.0,0.0,0.0,0.0,0.0,0.0,0.0,0.0,0.0
"Actinomyces_odontolyticus",0.0,0.0,0.0,0.0,0.0,0.0,0.0,0.0,0.0,0.0,0.0,0.0,0.0,0.0,0.0,0.0,0.0,0.0,0.0,0.00473,0.0,0.0,0.0,0.0,0.0,0.0,0.0,0.0,0.0,0.0,0.0,0.0,0.0,0.0,0.0,0.0,0.0,0.0,0.0,0.0,0.0,0.0,0.0,0.0,0.0,0.0,0.0,0.0
"Actinomyces_turicensis",0.0,0.0,0.18486,0.0,0.0,0.0,0.0,0.0,0.0,0.0,0.0,0.0,0.0,0.0,0.0,0.0,0.0,0.0,0.0,0.0,0.0,0.0,0.0,0.0,0.0,0.0,0.0,0.0,0.0,0.0,0.0,0.0,0.0,0.0,0.0,0.0,0.0,0.0,0.0,0.0,0.0,0.0,0.0,0.0,0.0,0.0,0.0,0.0
"Actinomyces_urogenitalis",0.0,0.0,0.0,0.0,0.0,0.0,0.0,0.0,0.0,0.0,0.0,0.0,0.0,0.0,0.0,0.0,0.0,0.0,0.0,0.0,0.0,0.0,0.0,0.0,0.0,0.0,0.0,0.0,0.0,0.0,0.0,0.0,0.0,0.0,0.0,0.0,0.0,0.0,0.0,0.0,0.0,0.0,0.18963,0.0,0.0,0.0,0.0,0.0
"Mobiluncus_unclassified",0.0,0.0,0.00905,0.0,0.0,0.0,0.0,0.0,0.0,0.0,0.0,0.0,0.0,0.0,0.0,0.0,0.0,0.0,0.0,0.0,0.0,0.0,0.0,0.0,0.0,0.0,0.0,0.0,0.0,0.0,0.0,0.0,0.0,0.0,0.0,0.0,0.0,0.0,0.0,0.0,0.0,0.0,0.0,0.0,0.0,0.0,0.0,0.0
"Varibaculum_cambriense",0.0,0.0,0.00423,0.0,0.0,0.0,0.0,0.0,0.0,0.0,0.0,0.0,0.0,0.0,0.0,0.0,0.0,0.0,0.0,0.0,0.0,0.0,0.0,0.0,0.0,0.0,0.0,0.0,0.0,0.0,0.0,0.0,0.0,0.0,0.0,0.0,0.0,0.0,0.0,0.0,0.0,0.0,0.0,0.0,0.0,0.0,0.0,0.0
"Rothia_mucilaginosa",0.0,0.0,0.0,0.0,0.0,0.00551,0.0,0.0,0.0,0.0,0.0,0.0,0.0,0.0,0.0,0.0,0.0,0.0,0.0,0.0,0.0,0.0,0.0,0.0,0.0,0.0,0.0,0.0,0.0,0.0,0.0,0.0,0.0,0.0,0.0,0.0,0.0,0.0,0.0,0.0,0.0,0.0,0.0,0.0,0.0,0.0,0.0,0.0
"Bifidobacterium_adolescentis",0.0,1.29821,0.26398,0.80815,2.25008,0.0,0.00183,0.05748,0.0,11.60807,0.0,0.75388,0.0,0.0,0.1404,0.0,0.0,0.02458,2.21947,0.0,0.6398,0.0,0.0,0.0,0.0,1.40941,5.98466,1.82009,6.51642,0.0,3.90701,0.0,0.0,1.75607,0.82925,0.80048,0.0,0.0,0.0,1.35903,0.02403,0.0,0.0,2.3236499999999998,0.0,1.14352,3.62046,0.0
"Bifidobacterium_angulatum",0.0,0.0,0.0,0.0,0.0,0.0,0.0,0.0,0.0,0.0,0.0,0.0,0.0,0.0,0.0,0.0,0.0,0.0,0.1717,0.0,0.0,0.0,0.0,0.0,0.0,0.0,0.0,0.0,0.0,0.0,0.0,0.0,0.0,0.0,0.0,0.0,0.0,0.0,0.0,0.0,0.0,0.0,0.0,0.0,0.0,0.0,0.0,0.0
"Bifidobacterium_animalis",0.0,0.0,0.0,0.0,0.0,0.0,0.0,0.0,0.0,0.0,0.0,0.0,0.0,0.0,0.0,0.0,0.0261,0.0,0.02015,0.0,0.0,0.0,0.0,0.0,0.0,0.0,0.0,0.0,0.0,0.0,0.0,0.0,0.0,0.0,0.0,0.0,0.0,0.0,0.0,0.0,0.0,0.0,0.0,0.0,0.0,0.0,0.0,0.0
"Bifidobacterium_bifidum",0.0,0.0,0.0,0.0,0.0,0.0,0.0,0.0,0.0,3.34297,2.19599,2.49499,0.0,0.59298,0.0,0.0,2.63793,0.0,0.0,0.0,1.47595,0.0,0.0,0.0,21.09772,0.32394,0.0,0.0,4.71171,0.0,0.0,0.0,0.0,5.75077,1.00523,0.0,0.0,0.0,0.0,2.8681200000000002,3.15423,0.70824,0.0,7.90892,0.0,0.21048,0.0,0.0
"Bifidobacterium_breve",0.0,0.0,0.0,0.0,0.0,0.0,0.03215,0.0,0.0,0.0,0.0,0.0,0.0,0.0,0.0,0.0,0.11921,0.0,0.0,0.0,0.0,0.0,0.0,0.57997,0.0,0.0,0.0,0.04407,0.89843,0.0,0.0,23.94434,0.0,0.0,0.0,0.0,0.0,36.43328,0.0,0.1075,0.0,3.10861,16.66554,1.45627,0.0,0.0,0.0,0.0
"Bifidobacterium_catenulatum",0.0,0.0,0.0,0.99305,1.14478,0.0,0.00092,0.0,0.0,0.0,0.00806,0.0,0.0,0.04024,0.0,0.0,0.00129,0.0,0.0,0.0,0.0,0.0,0.0,0.0,0.0,0.0,0.0,0.0,0.0,0.0,0.0,0.0,0.0,0.0,0.02956,0.0,0.0,0.0,0.0,0.0,0.02622,0.0,0.0,1.22628,0.22188,0.0,0.0,0.0
"Bifidobacterium_dentium",0.0,0.0,0.0,0.0,0.0,0.0,0.0,0.0,0.0,0.0,0.0,0.0,0.0,0.0,0.0,0.0,0.0,0.0,0.0,0.0,0.0,0.0,0.0,0.0,1.46066,0.0,0.0,0.0,0.0,0.0,0.0,0.0,0.0,0.0,0.0,0.0,0.0,0.0,0.0,0.0,0.0,0.0,0.08346,0.0,0.0,0.0,0.0,0.0
"Bifidobacterium_longum",0.43458,1.84497,0.75455,1.30534,2.39733,4.66298,10.07352,1.69371,1.77855,6.33152,8.36563,0.76176,0.26318,0.6713,0.46627,0.48476,9.3454,1.17123,1.30548,6.01444,1.04902,0.84617,0.63499,6.33819,43.06165,1.1771,13.35496,4.32824,2.14064,0.0,1.7928899999999999,61.83496,1.94505,0.86373,0.47054,1.5052699999999999,4.55952,34.17137,4.74116,1.81619,1.3705,11.20457,28.25957,3.89055,0.41976,1.2101899999999999,1.6059,0.22422
"Bifidobacterium_pseudocatenulatum",0.0,0.0,0.0,0.00751,0.0,3.1624,20.70245,1.5984,0.0,0.0,2.08623,0.04444,0.12563,2.06794,0.0,0.12142,2.19138,0.52124,0.51532,0.0,0.77491,0.13839,0.90947,0.0,0.0,1.37216,2.96306,1.50959,0.0,0.0,0.08677,0.0,0.0,0.28446,0.06015,0.21142,2.02812,0.0,0.70651,1.11431,1.21886,0.0,0.0,0.32048,0.0,0.0,0.0,0.0
"Adlercreutzia_equolifaciens",0.0,0.06026,0.08227,0.0,0.05898,0.11466,0.0537,0.04254,0.0529,0.06241,0.03856,0.0,0.0,0.0,0.02108,0.0,0.11187,0.03873,0.05775,0.0,0.00136,0.02073,0.0,0.0,0.0,0.0,0.0,0.02802,0.0,0.0,0.01797,0.0,0.04682,0.1114,0.0,0.01973,0.0375,0.0,0.0,0.0,0.0,0.0,0.0,0.0,0.0,0.0,0.0,0.0
"Atopobium_parvulum",0.0,0.0,0.0,0.0,0.0,0.0,0.0,0.0,0.0,0.0,0.0,0.0,0.0,0.00444,0.0,0.0,0.0,0.0,0.0,0.0,0.0,0.0,0.0,0.0,0.0,0.0,0.0,0.0,0.0,0.0,0.0,0.0,0.0,0.0,0.0,0.0,0.0,0.0,0.0,0.0,0.0,0.0,0.0,0.0,0.0,0.0,0.0,0.0
"Collinsella_aerofaciens",0.0,2.12015,0.60092,0.26619,0.0,0.0,0.0,0.13894,0.0,0.0,0.87359,1.2254800000000001,0.09703,0.0,0.18086,0.0,0.40233,0.0,0.69534,0.0,0.98895,0.58586,0.89262,0.0,0.0,0.26072,0.0,0.0,1.80858,0.0,1.55063,0.0,0.0,1.4105699999999999,0.22489,0.81052,0.0,0.0,2.0362,1.4409399999999999,0.76093,2.00347,0.0,0.93467,0.0,0.6568,0.67144,0.0
"Collinsella_intestinalis",0.0,0.0,0.0,0.0,0.0,0.0,0.0,0.0,0.0,0.0,0.0,0.0,0.0,0.0,0.0,0.23503,0.0,0.0,0.0,0.0,0.0,0.0,0.0,0.0,0.0,0.0,0.0,0.0,0.0,0.0,0.0,0.0,0.0,0.0,0.0,0.0,0.0,0.0,0.0,0.0,0.0,0.0,0.0,0.0,0.11349,0.0,0.0,0.0
"Collinsella_stercoris",0.0,0.0,0.0,0.0,0.0,0.0,0.0,0.0,0.0,0.0,0.0,0.0,0.0,0.15611,0.0,0.0,0.0,0.0,0.0,0.1561,0.0,0.0,0.02991,0.0,0.0,0.0,0.0,0.0,0.0,0.0,0.0,0.0,0.0,0.0,0.0,0.0,0.0,0.0,0.0,0.0,0.0,0.0,0.0,0.0,0.0,0.0,0.0,0.26291
"Collinsella_unclassified",0.0,0.0,0.0,0.0,0.0,0.0,0.0,0.0,0.0,0.0,0.0,0.0,0.0,0.34996,0.0,0.0,0.0,0.0,0.0,0.11573,0.0,0.0,0.0,0.0,0.0,0.0,0.0,0.00578,0.0,0.0,0.0,0.0,0.02012,0.0,0.0,0.0,0.0,0.0,0.0,0.0,0.0,0.0,0.0,0.0,0.0,0.0,0.0,0.3177
"Coriobacteriaceae_bacterium_phI",0.0,0.0,0.0,0.0,0.0,0.0,0.0,0.0,0.0,0.0,0.0,0.0,0.0,0.0,0.0,0.0,0.0,0.0,0.0,0.0,0.0,0.0,0.0,0.0,0.0,0.0,0.0,0.0,0.0,0.0,0.0,0.0,0.06675,0.0,0.0,0.0,0.0,0.0,0.0,0.0,0.0,0.0,0.0,0.0,0.0,0.0,0.0,0.0
"Eggerthella_lenta",0.0,0.0,0.0,0.0,0.0,0.0,0.0,0.00179,0.0,0.0,0.0,0.0,0.0,0.0,0.0,0.0,0.0201,0.0,0.0,0.24706,0.0,0.0,0.03403,0.0,0.01893,0.0,0.0,0.00075,0.0,0.0,0.0,0.0,0.00265,0.0,0.0,0.0,0.0,0.0,0.0,0.0,0.00974,0.00965,0.01324,0.0,0.0,0.0,0.0,0.0
"Eggerthella_unclassified",0.00265,0.07867,0.10465,0.0,0.0,0.31109,0.06822,0.04685,0.07569,0.0,0.01743,0.0,0.0,0.0533,0.0,0.00119,0.22208,0.04672,0.0,2.10773,0.0186,0.14153,0.16495,0.16898,0.41767,0.16743,0.0,0.2156,0.16934,0.0,0.02268,0.03367,0.14177,0.08117,0.00221,0.04092,0.01783,0.0,0.0,0.0,0.13634,0.11172,0.20273,0.0,0.00366,0.0,0.0,0.05244
"Gordonibacter_pamelaeae",0.0,0.0,0.10626,0.0,0.0,0.04955,0.01621,0.05647,0.0,0.0,0.00268,0.0,0.0,0.0,0.0,0.0,0.00659,0.0,0.0,0.0,0.0,0.0,0.0,0.0,0.0,0.0,0.0,0.01626,0.0,0.0,0.0,0.0,0.00474,0.0214,0.0,0.0,0.0,0.0,0.0,0.0,0.0,0.0,0.0,0.0,0.0,0.0,0.0,0.0
"Olsenella_unclassified",0.0,0.0,0.0,0.0,0.0,0.0,0.0,0.0,0.0,0.0,0.0,0.0,0.0,0.0,0.0,0.0,0.0,0.0,0.0,0.0,0.0,0.0,0.0,0.0,0.0,0.0,0.0,0.0,0.0,0.0,0.0,0.0,0.0,0.0,0.0,0.0,0.0,0.0,0.0,0.0,0.0,0.0,0.0,0.00635,0.0,0.0,0.0,0.0
"Bacteroides_barnesiae",0.0,0.0,0.0,0.0,0.0,0.0,0.0,0.0,0.0,0.0,0.0,0.0,0.0,0.0,0.0,0.0,0.0,0.0,0.0,0.0,0.0,0.0,0.0,0.0,0.0,0.0,0.0,0.0,0.0,0.0,0.0,0.0,0.22206,0.0,0.0,0.0,0.0,0.0,0.0,0.0,0.0,0.0,0.0,0.0,0.0,0.0,0.0,0.0
"Bacteroides_caccae",2.64304,4.64823,14.44029,3.68378,2.7696899999999998,2.74844,0.97408,3.17537,0.71002,3.07386,4.65006,0.45733,0.0,0.0,9.30334,2.37782,2.0984,9.29228,0.0,18.06234,1.28683,2.45066,5.08616,8.98998,0.0,0.0,0.0,0.0,0.0,0.0,8.54,0.0,0.59088,3.84836,0.0,4.08573,7.16096,0.0,1.17853,0.0,5.48222,0.46322,0.0,0.5813,0.0,3.9369,2.0934,0.0
"Bacteroides_cellulosilyticus",0.0,0.0,0.0,0.0,0.0,0.0,0.0,3.14366,0.31071,2.28957,0.0,0.0,0.0,0.0,0.0,0.0,8.74886,5.3551400000000005,0.0,0.0,0.0,0.0,0.0,0.0,0.0,0.0,0.0,0.0,0.0,0.0,0.0,0.0,0.0,0.16882,0.0,0.73524,0.06747,0.0,0.0,0.0,0.0,0.0,0.0,0.0,0.0,0.0,0.43191,0.0
"Bacteroides_clarus",0.0,0.0,0.0,0.0,0.0,0.0,0.0,0.0,0.2705,0.26261,0.0,0.0,0.0,0.0,0.0,0.18784,0.0,0.0,0.0,0.0,0.0,0.0,0.0,0.0,0.0,0.0,0.0,0.0,0.0,0.0,0.0,0.0,0.0,0.0,0.0,0.0,0.0,0.0,0.0,0.0,0.0,0.0,0.0,0.0,0.0,0.0,0.0,0.0
"Bacteroides_coprocola",4.15393,0.0,0.0,0.0,0.0,0.0,0.0,0.0,0.0,0.0,0.0,0.0,0.0,0.0,0.0,0.0,0.0,0.0,0.00817,0.0,0.0,0.0,3.7585699999999997,0.0,0.0,0.0,0.0,0.0,0.0,0.0,0.0,0.0,0.0,0.0,0.0,0.0,0.0,0.0,0.0,0.0,0.0,0.0,0.0,0.0,0.0,0.0,0.0,0.0
"Bacteroides_coprophilus",0.0,0.0,0.0,0.0,0.0,0.0,0.0,0.0,0.0,0.0,0.0,0.0,0.0,0.0,0.0,0.0,0.0,0.0,0.0,0.0,0.0,0.0,0.0,0.0,0.0,0.0,0.0,0.0,0.0,0.0,0.0,0.0,6.63326,0.0,0.0,0.0,0.0,0.0,0.0,0.0,0.0,0.0,0.0,0.0,0.0,0.0,0.0,0.0
"Bacteroides_dorei",2.61044,0.14537,0.0,16.18098,15.10644,5.86251,1.3467799999999999,0.0,0.0,0.0,0.0,0.0,0.0,0.0,1.09356,0.0,0.0,0.0,0.44528,1.47272,0.0,0.0,0.0,0.0,0.0,0.0,0.0,0.0,0.0,0.0,1.2095,0.0,0.0,0.0,0.0,0.0,0.0,0.0,1.8090899999999999,0.0,0.10048,0.78277,0.0,0.07753,0.0,0.08846,0.41739,0.0
"Bacteroides_eggerthii",0.0,0.0,0.0,0.0,0.0,0.0,0.0,0.0,25.47677,7.73996,0.0,0.0,0.0,0.0,0.0,32.90179,0.0,0.0,0.0,0.0,0.0,0.0,0.0,0.0,0.0,0.0,0.0,0.0,0.0,0.0,0.0,0.0,0.0,0.0,0.0,0.0,0.0,0.0,0.0,0.0,0.05244,0.0,0.0,0.0,0.0,0.0,0.0,0.0
"Bacteroides_faecis",0.0,0.7813,0.0,3.14813,4.35651,0.0,0.0,0.0,0.04228,0.0,0.0,0.0,0.0,0.0,0.0,0.0,0.0,0.0,0.71604,0.0,0.10476,0.0,0.01,0.0,0.0,0.0,0.0,0.0,0.0,0.0,0.0,0.0,0.0,0.0,0.0,2.09942,0.71989,0.0,3.8822900000000002,0.66704,0.0,0.42653,0.0,0.00469,0.0,0.0,0.0,0.0
"Bacteroides_finegoldii",0.0,0.0,0.0,0.0,0.0,0.0,0.0,0.0,0.22105,0.56426,0.0,0.0,0.0,0.0,0.0,0.0,0.0,0.0,0.30446,0.0,0.0,0.0,0.0,0.0,0.0,2.28714,0.0,0.0,0.0,0.0,0.0,0.0,0.0,0.0,0.0,0.0,0.0,0.0,0.0,0.24848,0.0,0.0,0.0,0.0,0.0,0.0,0.0,0.0
"Bacteroides_fragilis",0.0,0.0,9.48107,1.02933,1.05533,0.0,0.0,0.50833,0.0,0.0,0.12558,0.0,4.04752,0.86705,0.00548,0.0,3.45805,2.95916,0.00866,0.0,0.226,1.27358,0.05529,0.0,0.0,0.23161,0.95651,2.98223,0.0,0.0,0.0,0.0,3.0997500000000002,0.0,0.0,2.23936,0.2175,0.0,0.0,0.0,0.0,0.0,44.04155,0.08429,0.0,0.0,0.01159,0.0
"Bacteroides_intestinalis",0.0,0.0,1.8136,0.0,0.0,0.0,4.8347999999999995,0.0,0.0,0.0,0.0,0.0,0.0,0.0,7.54764,0.0,0.0,0.0,0.0,0.0,0.0,0.0,0.0,0.0,0.0,0.0,0.0,0.0,0.0,0.0,0.2925,0.0,0.0,0.0,0.0,0.0,0.0,0.0,0.56095,0.0,0.0,1.70191,0.0,0.0,0.0,0.0,0.02424,0.0
"Bacteroides_massiliensis",7.6380099999999995,0.0,0.0,0.0,0.0,0.0,0.0,0.0,11.01737,0.12468,0.0,4.01202,0.0,0.0,0.0,17.88012,0.0,0.0,0.0,0.0,0.0,0.0,0.0,0.0,0.0,0.0,0.0,0.0,0.0,0.0,0.0,0.0,0.0,0.0,0.0,0.0,0.0,0.0,0.0,0.0,0.0,0.0,0.0,0.84197,34.79776,0.0,0.0,0.0
"Bacteroides_nordii",0.0,0.0,0.0,0.0,0.0,0.0,0.0,0.02988,0.05074,0.13773,0.0,0.0959,0.0,0.0,0.0,0.0,0.0,1.11858,0.02035,0.0,0.0,0.0,0.0,0.0,0.0,0.0,0.0,0.0,0.0,0.0,0.0,0.0,0.0,0.0,0.0,0.0,0.0,0.0,0.0,0.0,0.0,0.0,0.0,0.0,0.0,0.0,0.0,0.0
"Bacteroides_ovatus",6.14375,0.38882,1.98855,0.36501,0.39145,6.47397,8.23793,11.62405,1.5340500000000001,1.5793300000000001,5.25699,1.02414,0.96386,3.9898,0.94163,1.8607,3.74462,2.53815,1.08165,4.95319,1.79597,6.13924,0.38368,9.80726,0.0,1.08251,4.74765,28.1694,9.10783,0.0,3.0742,0.0,0.0,1.12517,0.86556,0.25223,1.02515,0.0,3.06783,0.0192,0.25275,0.95312,0.0,0.07329,8.52774,4.92851,1.1173899999999999,0.0
"Bacteroides_salyersiae",0.0,0.03589,0.0,0.0,0.0,0.0,0.0,0.0,0.0,0.0,0.0,0.0,0.0,0.0,0.0,0.0,0.0,0.0,0.0,0.0,0.0,0.0,0.0,0.0,0.0,0.0,0.0,0.0,0.0,0.0,0.0,0.0,0.0,0.0,0.0,0.0,0.0,0.0,0.0,0.0,0.0,0.0,0.0,0.0,0.0,0.0,0.0,15.07331
"Bacteroides_sp_2_1_22",0.0,0.0,0.0,0.0,0.0,0.0,0.0,0.0,0.0,0.0,0.0,0.0,0.0,0.0,0.0,0.0,0.0,0.0,0.0,0.0,0.0,0.0,0.0,4.03002,0.0,0.0,0.0,0.0,0.0,0.0,0.84783,0.0,0.0,0.0,0.0,0.0,0.0,0.0,0.0,0.0,0.0,0.0,0.0,0.0,0.0,0.0,0.0,0.0
"Bacteroides_sp_3_1_19",0.0,0.0,0.0,0.0,0.0,0.0,0.0,0.0,0.0,0.0,0.0,0.0,0.0,6.30828,0.0,0.0,0.0,0.0,0.0,0.0,0.0,0.0,0.0,0.0,0.0,0.0,0.0,0.0,0.0,0.0,0.0,0.0,0.0,0.0,0.0,0.0,0.0,0.0,0.0,0.0,0.0,0.0,0.0,0.0,0.0,0.0,0.0,0.0
"Bacteroides_sp_3_2_5",0.0,0.0,0.0,0.0,0.0,0.0,0.0,0.0,0.0,0.0,0.0,0.0,0.0,0.0,0.0,0.0,0.0,0.0,0.0,0.0,0.0,0.0,0.0,0.0,0.0,0.0,0.0,0.0,0.0,0.0,0.0,0.0,0.0,0.0,0.0,0.0,0.56852,0.0,0.0,0.0,0.0,0.0,0.0,0.0,0.0,0.0,0.0,0.0
"Bacteroides_stercoris",30.36478,0.0,0.0,0.0,0.0,0.0,0.0,0.0,0.5065,0.00225,0.0,0.0,0.0,0.0,0.0,0.00773,0.0,0.0,3.3823,0.0,11.33529,0.0,0.365,28.43103,0.0,9.56928,0.0,0.0,0.0,0.0,16.93236,1.00151,0.0,0.65692,0.0,0.0,6.01281,0.0,0.0,0.11534,0.0,0.0,0.0,0.0,18.53663,23.41035,0.0,0.0
"Bacteroides_thetaiotaomicron",3.62187,0.0,0.0,0.08488,0.07177,1.0645,0.81279,2.33332,0.0,0.09553,0.89328,0.28732,5.3695,1.19391,0.0,0.63725,0.0,5.23146,0.31498,0.0,0.0,1.06214,1.2343,1.65605,0.0,0.18231,0.0,0.0,3.9413,0.0,0.69798,0.0,13.10417,0.69856,1.56752,0.1311,0.0069,0.0,0.0,0.0,1.31844,0.16702,0.0,0.19239,0.0,1.04439,0.59763,0.0
"Bacteroides_uniformis",0.93045,2.4384,0.80898,11.71751,2.29618,5.54087,11.69173,12.35864,2.92966,2.86435,4.19051,2.44304,4.8735,6.12905,10.50049,13.12088,7.97959,9.62079,2.21949,2.88526,6.72844,18.31418,0.14311,2.83728,0.0,5.54092,0.0,0.0,9.08547,0.0,16.14528,0.0376,3.36688,1.65549,1.48465,10.70947,15.98132,0.0,6.53757,0.06328,1.3878300000000001,5.32667,0.0,0.28121,0.0,0.74701,10.05843,14.63358
"Bacteroides_vulgatus",0.0096,1.27469,14.06177,0.0,0.0,0.0,0.0,3.23657,3.25653,1.90378,4.56444,1.7132,13.3881,23.62999,1.56694,2.56428,0.0,3.38969,5.9273299999999995,13.48987,2.16593,9.85753,1.29344,6.08857,0.0,2.9103,5.63495,8.40309,15.25106,0.0,4.61712,0.05483,0.0,4.8335,5.37383,0.68674,5.0139,0.0,2.05513,2.13619,0.45706,0.0,0.0,1.05318,5.98439,2.24915,4.8989,24.37624
"Bacteroides_xylanisolvens",0.0,0.17596,0.86137,0.49071,0.41039,0.0,0.0,1.51045,0.05132,0.02994,0.70937,0.00368,0.38906,1.31988,0.77129,0.01263,0.0,0.0014,0.00288,0.0,0.0,0.0,0.0,1.95885,0.0,3.00143,0.0,0.11339,0.0,0.0,0.12941,0.0,0.0,0.0,0.15909,0.50412,0.01152,0.0,0.0,0.0,0.02291,0.03142,0.0,0.08534,0.80387,0.02435,0.21229,0.0
"Bacteroidales_bacterium_ph8",0.0,0.0,0.0,0.0,0.0,0.0,0.0,2.41965,0.80638,2.17706,2.60792,0.11893,0.0,0.0,0.51609,0.0,0.0,0.61454,0.0,0.0,0.0,1.20036,0.0,0.0,0.0,0.0,0.0,0.0,0.0,0.0,0.21969,0.0,0.0,0.0,0.0,0.0,0.0,0.0,0.49158,0.0,0.0,0.29236,0.0,0.01345,0.0,4.01737,0.0,0.0
"Barnesiella_intestinihominis",2.59647,5.50511,0.0,0.0,0.0,0.0,2.9455999999999998,2.64902,0.0,0.0,0.0,0.0,0.0,0.0,0.0,0.0,0.0,0.0,0.0,0.0,4.13476,0.0,0.0,0.0,0.0,0.0,0.0,0.0,0.0,0.0,1.18897,0.0,3.18179,0.0,0.0,0.0,0.0,0.0,1.25596,0.0,0.0,2.58043,0.0,0.25564,0.0,9.31048,0.0,0.0
"Coprobacter_fastidiosus",0.0,0.06252,0.47611,0.0,0.0,0.0,0.0,0.0,0.0,0.0,0.0,0.19637,0.0,0.0,0.0,0.0,0.92459,0.0,0.0,0.0,0.0,0.0,0.0,0.0,0.0,0.0,0.0,0.0,0.0,0.0,0.06594,0.0,0.0,0.0,0.0,0.0,0.0,0.0,0.0,0.0,0.0,0.0,0.0,0.0,0.0,0.0,0.42013,0.0
"Odoribacter_laneus",0.0,0.0,0.0,0.0,0.0,0.0,0.0,0.0,0.0,0.0,0.0,0.0,0.0,0.0,1.6124399999999999,0.0,0.0,0.0,0.0,0.0,0.0,0.0,0.0,0.0,0.0,0.0,0.0,0.0,0.0,0.0,0.0,0.0,0.0,0.0,0.0,0.0,0.0,0.0,0.0,0.0,0.0,0.0,0.0,0.0,0.0,0.0,0.0,0.0
"Odoribacter_splanchnicus",0.80864,1.21496,0.47032,0.0,0.0,0.0,0.58477,1.19675,0.0,0.0,0.43511,0.0,0.0,0.0,1.5000499999999999,0.67204,0.0,2.10501,0.0,0.0,0.0,2.56853,0.0,0.0,0.0,0.0,0.0,1.50054,0.0,0.0,0.53197,0.0,0.0,0.0,0.0,1.98121,3.10952,0.0,0.0,0.0,1.4314,0.75771,0.0,0.0,0.0,0.0,1.19054,0.0
"Odoribacter_unclassified",0.0,0.0,0.0,0.0,0.0,0.0,0.0,0.0,0.0,0.0,0.0,0.0,0.0,0.0,0.0,0.0,0.0,0.0,0.0,0.0,0.0,0.0,0.0,0.0,0.0,0.0,0.0,0.0,0.0,0.0,0.0,0.0,0.0,0.06427,0.0,0.0,0.0,0.0,0.0,0.0,0.0,0.0,0.0,0.0,0.0,0.0,0.0,0.0
"Parabacteroides_distasonis",0.07566,0.20101,0.57576,0.38159,0.80129,0.27001,0.6146,0.0,0.0,0.0,0.01358,0.0,3.78285,0.0,0.09799,0.0,3.20063,0.0,0.55916,0.0,0.0,2.60819,2.26389,0.42653,0.0,0.08753,0.55627,1.76308,0.0,0.0,0.42329,0.00633,0.0,0.0,0.0,0.14934,0.0,0.0,3.04783,0.30779,0.74939,0.0,0.0,0.04025,0.0,1.54394,0.8211,0.0
"Parabacteroides_goldsteinii",0.0,0.0,0.07194,0.0,0.0,0.0,0.0,0.0,0.0,0.0,0.0,0.0,0.0,0.0,0.0,0.0,0.0,0.0,0.0,0.0,0.0,0.0,0.0,0.0,0.0,0.0,0.0,0.0,0.0,0.0,0.0,0.0,0.0,0.61879,2.39943,0.0,0.0,0.0,0.0,0.0,0.0,0.0,0.0,0.0,0.0,0.0,0.0,0.0
"Parabacteroides_johnsonii",0.0,0.0,0.0,0.0,0.0,0.01467,0.0,0.0,0.0,0.0,0.0,0.0,0.0,0.0,0.0,0.0,0.0,0.0,0.0,0.0,0.11908,0.0,0.0,0.0,0.0,0.0,0.0,0.0,0.0,0.0,0.0,0.0,0.0,0.0,0.0,0.0,0.0,0.0,0.0,0.0,0.0,0.0,0.0,0.0,0.0,0.0,0.0,0.0
"Parabacteroides_merdae",2.52545,2.68729,2.08971,0.0,0.0,1.9476,1.5655999999999999,0.63971,0.80559,3.89701,0.0,0.53465,0.0,0.0,1.6265399999999999,3.45039,0.0,1.53196,2.17116,0.0,1.30444,0.0,0.90602,0.0,0.0,1.68006,0.0,0.0,2.8108,0.0,3.02116,0.0,0.0,1.15677,2.22515,0.0,0.0,0.0,6.84004,0.0,2.59022,0.0,0.0,0.03617,0.0,1.65744,2.0722,8.21674
"Parabacteroides_unclassified",0.0,0.0,0.0,0.31478,0.0,0.0,0.0,0.0,0.0,0.0,0.31692,0.0,0.0,4.88249,0.0,0.0,0.0,0.0,0.0,0.0,0.75824,0.48278,0.0,10.30793,0.0,0.0,0.18487,0.57861,0.0,0.0,0.0,0.16235,0.0,0.23746,0.0,0.0,0.0,0.0,0.0,0.43004,0.0,1.01057,0.0,0.07348,0.0,0.0,0.0,0.0
"Porphyromonas_asaccharolytica",0.0,0.0,0.13895,0.0,0.0,0.0,0.0,0.0,0.0,0.0,0.0,0.02019,0.0,0.0,0.0,0.0,0.0,0.0,0.0,0.0,0.0,0.0,0.0,0.0,0.0,0.0,0.0,0.0,0.0,0.0,0.0,0.0,0.0,0.0,0.0,0.00709,0.0,0.0,0.0,0.0,0.0,0.0,0.0,0.0,0.0,0.0,0.0,0.0
"Porphyromonas_bennonis",0.0,0.0,0.25784,0.0,0.0,0.00227,0.0,0.0,0.0,0.0,0.0,0.0,0.0,0.0,0.0,0.0,0.0,0.0,0.0,0.0,0.0,0.0,0.0,0.0,0.0,0.0,0.0,0.0,0.0,0.0,0.0,0.0,0.0,0.0,0.0,0.0,0.0,0.0,0.0,0.0,0.0,0.0,0.0,0.0,0.0,0.0,0.0,0.0
"Porphyromonas_somerae",0.0,0.0,0.09362,0.0,0.0,0.0,0.0,0.0,0.0,0.0,0.0,0.0,0.0,0.0,0.0,0.0,0.0,0.0,0.0,0.0,0.0,0.0,0.0,0.0,0.0,0.0,0.0,0.0,0.0,0.0,0.0,0.0,0.0,0.0,0.0,0.0,0.0,0.0,0.0,0.0,0.0,0.0,0.0,0.0,0.0,0.0,0.0,0.0
"Porphyromonas_uenonis",0.0,0.0,0.07235,0.0,0.0,0.0,0.0,0.0,0.0,0.0,0.0,0.0,0.0,0.0,0.0,0.0,0.0,0.0,0.0,0.0,0.0,0.0,0.0,0.0,0.0,0.0,0.0,0.0,0.0,0.0,0.0,0.0,0.0,0.0,0.0,0.0,0.0,0.0,0.0,0.0,0.0,0.0,0.0,0.0,0.0,0.0,0.0,0.0
"Alloprevotella_unclassified",0.0,0.0,0.0,0.0,0.0,0.0,0.0,0.0,0.0,0.0,0.0,0.0,0.0,0.0,0.0,0.0,0.0,0.0,0.0,0.0,0.0,0.0,0.00407,0.0,0.0,0.0,0.0,0.0,0.0,0.0,0.0,0.0,0.0,0.0,0.0,0.0,0.0,0.0,0.0,0.0,0.0,0.0,0.0,0.0,0.0,0.0,0.0,0.0
"Paraprevotella_clara",0.0,0.0,0.0,0.0,0.0,0.0,0.0,0.49173,0.0,0.0,0.0,0.01447,0.0,0.0,0.0,0.0,0.0,0.58905,0.3194,0.0,0.42607,0.0,0.0,0.0,0.0,0.0,0.0,0.0,0.0,0.0,0.0,0.0,0.0,0.0,0.0,0.0,0.0,0.0,0.0,0.0,0.0,0.0,0.0,0.0,0.0,1.20878,0.0,0.0
"Paraprevotella_unclassified",0.0,0.0,0.0,0.0,0.0,0.0,0.0,1.64234,0.0,0.0,0.0,0.26011,0.0,0.0,0.0,0.0,0.0,2.11725,1.32327,0.0,1.40586,0.0,0.0,0.0,0.0,0.0,0.0,0.0,0.0,0.0,0.0,0.0,0.0,0.0,0.0,0.0,0.0,0.0,0.0,0.0,0.0,0.0,0.0,0.0,0.0,0.50182,0.0,0.0
"Paraprevotella_xylaniphila",0.0,0.0,0.0,0.0,0.0,0.0,0.0,0.02082,0.0,0.0,0.0,0.0,0.0,0.0,0.0,0.0,0.0,0.00493,0.01183,0.0,0.04921,0.0,0.0,0.0,0.0,0.0,0.0,0.0,0.0,0.0,0.0,0.0,0.0,0.0,0.0,0.0,0.0,0.0,0.0,0.0,0.0,0.0,0.0,0.0,0.0,0.18506,0.0,0.0
"Prevotella_bergensis",0.0,0.0,0.01172,0.0,0.0,0.0,0.0,0.0,0.0,0.0,0.0,0.0,0.0,0.0,0.0,0.0,0.0,0.0,0.0,0.0,0.0,0.0,0.0,0.0,0.0,0.0,0.0,0.0,0.0,0.0,0.0,0.0,0.0,0.0,0.0,0.0,0.0,0.0,0.0,0.0,0.0,0.0,0.0,0.0,0.0,0.0,0.0,0.0
"Prevotella_buccalis",0.0,0.0,0.08567,0.0,0.0,0.0,0.0,0.0,0.0,0.0,0.0,0.0,0.0,0.0,0.0,0.0,0.0,0.0,0.0,0.0,0.0,0.0,0.0,0.0,0.0,0.0,0.0,0.0,0.0,0.0,0.0,0.0,0.0,0.0,0.0,0.0,0.0,0.0,0.0,0.0,0.0,0.0,0.0,0.0,0.0,0.0,0.0,0.0
"Prevotella_copri",0.0,11.48427,0.0,0.0,0.0,0.0,0.0,0.0,0.0,0.0,0.0,0.0,0.0,0.0,0.0,0.0,0.0,0.0,0.0,0.0,0.0,0.0,22.51453,0.0,0.0,0.0,0.0,0.0,0.0,0.0,0.0,0.0,0.0,2.2947699999999998,40.0021,0.0,0.0,0.0,0.0,40.47897,49.08842,0.0,0.0,47.53376,0.0,0.0,0.0,0.0
"Prevotella_disiens",0.0,0.0,2.71854,0.0,0.0,0.0,0.0,0.0,0.0,0.0,0.0,0.0,0.0,0.0,0.0,0.0,0.0,0.0,0.0,0.0,0.0,0.0,0.0,0.0,0.0,0.0,0.0,0.0,0.0,0.0,0.0,0.0,0.0,0.0,0.0,0.0,0.0,0.0,0.0,0.0,0.0,0.0,0.0,0.0,0.0,0.0,0.0,0.0
"Prevotella_nigrescens",0.0,0.0,0.0,0.0,0.0,0.0,0.0,0.0,0.0,0.0,0.0,0.0,0.0,0.0,0.0,0.0,0.0,0.0,0.0,0.0,0.0,0.0,0.0,0.0,0.0,0.0,0.0,0.0,0.0,0.0,0.0,0.0,0.0,0.0,0.0,0.0,0.0,0.0,0.0,0.0,0.0,0.0,0.0,0.10893,0.0,0.0,0.0,0.0
"Prevotella_timonensis",0.0,0.0,0.1119,0.0,0.0,0.0,0.0,0.0,0.0,0.0,0.0,0.0,0.0,0.0,0.0,0.0,0.0,0.0,0.0,0.0,0.0,0.0,0.0,0.0,0.0,0.0,0.0,0.0,0.0,0.0,0.0,0.0,0.0,0.0,0.0,0.0,0.0,0.0,0.0,0.0,0.0,0.0,0.0,0.0,0.0,0.0,0.0,0.0
"Alistipes_finegoldii",0.21058,1.04515,0.0,0.36375,0.24471,0.0,0.0,0.19916,0.27189,0.41427,0.57374,0.21242,0.0,0.0,4.10164,0.12627,0.83779,1.2812700000000001,1.40302,0.0,0.30517,0.75007,0.0,0.0,0.0,0.25277,0.0,0.0,0.0,0.0,1.2772700000000001,0.0,0.0,0.00167,0.01718,1.49635,2.1518100000000002,0.0,0.0,0.0,0.0,0.0,0.0,0.07801,0.38542,0.06159,0.26398,0.0
"Alistipes_indistinctus",0.0,0.0,0.0,0.0,0.0,0.0,0.0,0.0,0.01387,0.04101,0.03495,0.0,0.0,0.0,0.0,0.0,0.0,0.03152,0.0,0.0,0.0,0.10927,0.0,0.0,0.0,0.0,0.0,0.0,0.0,0.0,0.0,0.0,0.0,0.0,0.0,0.12655,0.16612,0.0,0.0,0.0,0.10519,0.07694,0.0,0.00185,0.0,0.0,0.0,0.0
"Alistipes_onderdonkii",0.08964,0.8839,0.0,0.78049,0.11488,0.0,0.0,4.43216,0.17398,0.00525,0.96138,0.18148,0.23597,0.0,5.09637,1.56792,4.89301,5.47222,0.0,0.0,1.59999,0.6138,0.0,0.0,0.0,8.91675,0.11434,5.50162,0.0,0.0,0.03963,0.0,5.08643,0.24648,0.38857,0.34994,0.94213,0.0,0.0,0.01363,0.85526,1.2834699999999999,0.0,0.00361,0.0,2.27591,0.83668,0.0
"Alistipes_putredinis",2.037,5.70988,0.0,6.73778,4.982,0.0,7.48755,4.16083,5.64283,6.35394,10.03118,2.4804399999999998,1.08984,0.0,12.03427,5.3916,0.0,8.66126,7.8951,0.0,2.80244,10.35589,5.27527,0.0,0.0,5.97511,0.0,0.0,0.0,0.0,6.59551,0.0,6.09102,5.15182,6.81123,7.23193,6.48524,0.0,0.0,0.71311,0.01199,3.8877699999999997,0.0,0.0,0.0,13.69016,9.57124,0.0
"Alistipes_senegalensis",0.0,0.00085,0.0,0.0,0.0,0.0,0.0,0.0,0.0,0.0,0.0,0.00325,0.0,0.0,0.01212,0.0,0.0,0.07918,0.0,0.0,0.0,0.01293,0.0,0.0,0.0,0.0,0.0,0.0,0.0,0.0,0.00224,0.0,0.00328,0.0,0.0,0.0,0.00083,0.0,0.0,0.0,0.0,0.0,0.0,0.0,0.0,0.0,0.0,0.0
"Alistipes_shahii",0.34795,1.6769699999999998,0.0,1.36437,1.6452,0.0,0.31401,0.0,1.18552,4.21601,0.0,0.15995,0.0,0.0,1.86938,0.29575,0.0,0.59756,1.95853,0.0,0.43142,1.72617,0.0,0.0,0.0,0.0,0.45601,1.5848,0.0,0.0,1.40859,0.0,0.60765,0.0,0.0,0.0,2.28964,0.0,0.0,0.0,0.23615,0.0,0.0,0.0,0.0,0.0,6.33791,0.0
"Alistipes_sp_AP11",0.0,0.0,0.0,0.0,0.0,0.0,0.67838,0.0,0.0,0.0,0.0,0.0,0.0,0.0,0.0,0.0,0.0,0.0,0.0,0.0,0.0,0.0,0.0,0.0,0.0,0.0,0.0,0.0,0.0,0.0,0.0,0.0,0.0,0.0,0.0,0.0,0.0,0.0,0.0,0.0,0.0,0.0,0.0,0.0,0.0,0.0,0.0,0.0
"Alistipes_sp_HGB5",0.0,0.0,0.0,0.0,0.0,0.0,1.18802,0.0,2.72525,0.0,0.0,0.0,0.0,0.0,0.0,1.2761,0.0,0.8469,0.0,0.0,0.0,0.0,0.0,0.0,0.0,0.0,0.0,0.0,0.0,0.0,0.0,0.0,0.0,0.0,0.0,0.0,0.0,0.0,0.0,0.0,0.0,0.0,0.0,0.0,0.0,0.0,0.0,0.0
"Alistipes_unclassified",0.0,0.0,0.17577,0.0,0.0,0.0,0.0,0.0,0.0,0.0,0.0,0.0,0.0,0.0,0.0,0.0,0.0,0.0,0.0,0.0,0.0,0.0,0.0,0.0,0.0,0.0,0.1268,0.0,0.0,0.0,0.0,0.0,0.0,0.0,0.0,0.0,0.0,0.0,1.1297,0.0,0.0,0.0,0.0,0.09371,1.9087,0.0,0.0,0.0
"Cellulophaga_unclassified",0.0,0.0,0.0,0.0,0.0,0.0,0.0,0.0,0.05089,0.0,0.0,0.0,0.0,0.0,0.0,0.0,0.0,0.0,0.0,0.0,0.0,0.0,0.0,0.0,0.0,0.0,0.0,0.0,0.0,0.0,0.0,0.0,0.0,0.0,0.0,0.0,0.0,0.0,0.0,0.0,0.0,0.0,0.0,0.0,0.0,0.0,0.0,0.0
"Pedobacter_unclassified",0.0,0.0,0.0,0.0,0.0,0.0,0.0,0.0,0.0,0.0,0.0,0.0,0.0,0.0,0.0,0.0,0.0,0.0,0.0,0.0,0.0,0.0,0.0,0.0,0.0,0.0,0.0,0.0,0.0,0.0,0.0,0.0,0.0,0.0,0.0,0.0,0.0,0.0,0.0,0.0,0.0,0.0,0.0,0.0,0.0,0.11365,0.0,0.0
"candidate_division_TM7_single_cell_isolate_TM7c",0.0,0.0,0.0,0.0,0.0,0.0,0.0,0.0,0.0,0.0,0.0,0.0,0.0,0.0,0.0,0.02237,0.0,0.0,0.0,0.0,0.0,0.0,0.0,0.0,0.0,0.0,0.0,0.0,0.0,0.0,0.0,0.0,0.0,0.0,0.0,0.0,0.0,0.0,0.0,0.0,0.0,0.0,0.0,0.0,0.0,0.0,0.0,0.0
"Deinococcus_unclassified",0.0,0.0188,0.0,0.0,0.0,0.0,0.0,0.0,0.0,0.0,0.0,0.0,0.0,0.0,0.0,0.0,0.0,0.0,0.0,0.0,0.0,0.0,0.0,0.0,0.0,0.0,0.0,0.0,0.0,0.0,0.0,0.0,0.0,0.0,0.0,0.0,0.0,0.0,0.0,0.0,0.0,0.0,0.0,0.0,0.0,0.0403,0.0,0.0
"Gemella_haemolysans",0.0,0.0,0.0,0.0,0.0,0.0,0.0,0.0,0.0,0.0,0.0,0.0,0.0,0.05024,0.0,0.0,0.0,0.0,0.0,0.0,0.0,0.0,0.0,0.0,0.00068,0.0,0.0,0.0,0.0,0.0,0.0,0.0,0.0,0.0,0.0,0.0,0.0,0.0,0.02687,0.0292,0.0,0.0,0.0,0.00054,0.0,0.0,0.0,0.0
"Gemella_sanguinis",0.0,0.0,0.00116,0.0,0.0,0.0,0.0,0.0,0.0,0.0,0.0,0.0,0.0,0.0135,0.0,0.0,0.0,0.0,0.0,0.0,0.0,0.0,0.0,0.0,0.0,0.0,0.00952,0.0,0.0,0.0,0.0,0.0,0.0,0.0,0.0,0.0,0.0,0.0,0.0,0.0,0.0,0.0,0.0,0.0,0.0,0.0,0.0,0.0
"Gemella_unclassified",0.0,0.0,0.00293,0.0,0.0,0.0,0.0,0.0,0.0,0.0,0.0,0.01225,0.0,0.0,0.0,0.0,0.0,0.0,0.0,0.0,0.0,0.0,0.0,0.0,0.0028,0.0,0.04997,0.00999,0.0,0.01249,0.0,0.0,0.00605,0.0,0.0,0.0,0.0,0.0,0.03364,0.01213,0.0,0.0,0.0,0.00515,0.0,0.0,0.0,0.0
"Abiotrophia_defectiva",0.0,0.0,0.0,0.0,0.0,0.0,0.0,0.0,0.0,0.0,0.0,0.0,0.0,0.01534,0.0,0.0,0.0,0.0,0.0,0.0,0.0,0.0,0.0,0.0,0.0,0.0,0.0,0.0,0.0,0.0,0.0,0.0,0.0,0.0,0.0,0.0,0.0,0.0,0.0,0.0,0.0,0.0,0.0,0.0,0.0,0.0,0.0,0.0
"Granulicatella_adiacens",0.0,0.0,0.0,0.0,0.0,0.0,0.0,0.0,0.0,0.0,0.0,0.00696,0.0,0.02845,0.0,0.0,0.0,0.0,0.0,0.0,0.0,0.0,0.0,0.0,0.0,0.0,0.0,0.0,0.0,0.0,0.0,0.0,0.00236,0.0,0.0,0.0,0.0,0.0,0.0,0.0,0.0,0.0,0.0,0.0,0.0,0.0,0.0,0.0
"Granulicatella_elegans",0.0,0.0,0.0,0.0,0.0,0.0,0.0,0.0,0.0,0.0,0.0,0.07343,0.0,0.1345,0.0,0.0,0.0,0.0,0.0,0.0,0.0,0.0,0.0,0.0,0.00983,0.0,0.0,0.0,0.0,0.0,0.0,0.0,0.0,0.0,0.0,0.0,0.0,0.0,0.0,0.11871,0.0,0.0,0.0,0.0,0.0,0.0,0.0,0.0
"Granulicatella_unclassified",0.0,0.0,0.0,0.0,0.0,0.08184,0.0,0.00233,0.0,0.0,0.0,0.09598,0.01413,0.19033,0.0,0.0,0.02221,0.0,0.0,0.04459,0.0,0.0,0.0,0.0,0.01824,0.0,0.121,0.06456,0.0,0.00429,0.0,0.0,0.04873,0.0,0.0,0.0,0.0,0.0,0.0,0.1044,0.0,0.01454,0.0,0.041,0.0,0.0,0.0,0.0
"Enterococcus_avium",0.0,0.0,0.0,0.0,0.0,0.0,0.0,0.0,0.0,0.0,0.0,0.0,0.0,0.0,0.0,0.0,0.0,0.0,0.0,0.0,0.0,0.0,0.0,0.0,1.3351199999999999,0.0,0.0,0.0,0.0,1.03142,0.0,0.0,0.0,0.0,0.0,0.0,0.0,0.0,0.0,0.0,0.0,0.01838,0.0,0.0,0.0,0.0,0.0,0.0
"Enterococcus_casseliflavus",0.0,0.0,0.0,0.0,0.0,0.0,0.0,0.0,0.0,0.0,0.0,0.0,0.0,0.0,0.0,0.0,0.0,0.0,0.0,0.0,0.0,0.0,0.0,0.0,0.0,0.0,0.0,0.0,0.0,0.15771,0.0,0.0,0.0,0.0,0.0,0.0,0.0,0.0,0.0,0.0,0.0,0.0,0.0,0.0,0.0,0.0,0.0,0.0
"Enterococcus_dispar",0.0,0.0,0.0,0.0,0.0,0.0,0.0,0.0,0.0,0.0,0.0,0.0,0.0,0.0,0.0,0.0,0.0,0.0,0.0,0.0,0.0,0.0,0.0,0.0,0.02172,0.0,0.0,0.0,0.0,0.0,0.0,0.0,0.0,0.0,0.0,0.0,0.0,0.0,0.0,0.0,0.0,0.0,0.0,0.0,0.0,0.0,0.0,0.0
"Enterococcus_faecalis",0.0,0.0,0.0,0.0,0.0,0.0,0.0,0.0,0.0,0.0,0.0,0.0,0.0,0.0,0.0,0.0,0.0,0.0,0.0,0.0,0.0,0.0,0.0,0.0,0.0,0.7817,0.0,0.0,2.46188,0.00295,0.0,0.02729,0.0,0.0,0.0,0.0,0.0,2.48909,0.0,0.0,0.0,0.0,0.094,0.0,0.0,0.0,0.0,0.0
"Enterococcus_faecium",0.0,0.0,0.0,0.0,0.0,0.0,0.0,0.0,0.0,0.0,0.0,0.0,0.0,0.0,0.0,0.0,0.0,0.0,0.0,0.0,0.0,0.0,0.0,0.0,0.36689,0.0,0.0,0.0,0.0,0.0,0.0,0.0,0.0,0.0,0.0,0.0,0.0,0.0,0.0,0.0,0.0,0.0,0.0,0.0,0.0,0.0,0.0,0.0
"Enterococcus_gallinarum",0.0,0.0,0.0,0.0,0.0,0.0,0.0,0.0,0.0,0.0,0.0,0.0,0.0,0.0,0.0,0.0,0.0,0.0,0.0,0.0,0.0,0.0,0.0,0.0,0.0,0.0,0.0,0.0,0.0,0.34261,0.0,0.0,0.0,0.0,0.0,0.0,0.0,0.0,0.0,0.0,0.0,0.0,0.0,0.0,0.0,0.0,0.0,0.0
"Lactobacillus_acidophilus",0.0,0.0,0.0,0.0,0.0,0.0,0.0,0.0,0.0,0.0,0.0,0.0,0.0,0.0,0.0,0.0,0.0,0.0,0.00287,0.0,0.0,0.0,0.0,0.0,0.0,0.0,0.0,0.0,0.0,0.0,0.0,0.0,0.0,0.0,0.0,0.0,0.0,0.0,0.0,0.0,0.0,0.0,0.0,0.0,0.0,0.0,0.0,0.0
"Lactobacillus_casei_paracasei",0.0,0.0,0.0,0.0,0.0,0.0,0.0,0.0,0.01933,0.05359,0.0,0.0,0.0,0.0,0.0,0.0,0.0,0.0,0.08143,0.0,0.0,0.0,0.0,0.0,0.0,0.0,0.0,0.0,0.0,0.0,0.0,0.0,0.0,0.0,0.0,0.0,0.0,0.0,0.0,0.0,0.0,0.0,0.171,0.0,0.0,0.0,0.00583,0.0
"Lactobacillus_curvatus",0.0,0.0,0.0,0.0,0.0,0.0,0.0,0.0,0.0,0.0,0.0,0.0,0.02144,0.12536,0.0,0.0,0.0,0.0,0.0,0.0,0.0,0.0,0.0,0.0,0.0,0.0,0.0,0.0,0.0,0.0,0.0,0.0,0.0,0.0,0.0,0.0,0.0,0.0,0.0,0.0,0.0,0.0,0.0,0.0,0.0,0.0,0.0,0.0
"Lactobacillus_delbrueckii",0.0,0.0,0.0,0.0,0.0,0.0,0.0,0.0,0.0,0.0,0.0,0.0,0.0,0.03246,0.0,0.0008,0.0,0.0,0.0,0.0,0.0,0.0,0.0,0.0,0.0,0.0,0.0,0.0,0.0,0.0,0.0,0.0,0.0,0.0,0.0,0.0,0.0,0.0,0.0,0.0,0.0,0.0,0.0,0.0,0.0,0.0,0.0,0.0
"Lactobacillus_fermentum",0.0,0.0,0.0,0.0,0.0,0.0,0.0,0.0,0.0,0.16226,0.0,0.0,0.0,0.0,0.0,0.0,0.0,0.0,0.0,0.0,0.0,0.0,0.0,0.0,0.0,0.0,0.0,0.0,0.0,0.0,0.0,0.0,0.0,0.0,0.0,0.0,0.0,0.0,0.0,0.0,0.0,0.0,0.0,0.0,0.0,0.0,0.0,0.0
"Lactobacillus_plantarum",0.0,0.0,0.0,0.0,0.0,0.0,0.0,0.0,0.0,0.0,0.0,0.0,0.0,0.0,0.0,0.0,0.0,0.0,0.0,0.0,0.0,0.00786,0.0,0.0,0.0,0.0,0.0,0.0,0.0,0.0,0.0,0.0,0.0,0.0,0.0,0.0,0.0,0.0,0.0,0.0,0.0,0.0,0.0,0.0,0.0,0.0,0.0,0.0
"Lactobacillus_reuteri",0.0,0.0,0.0,0.0,0.0,0.0,0.20385,0.0,0.0,0.0,0.0,0.0,0.0,0.0,0.0,0.0,0.0,0.0,0.0,0.0,0.0,0.0,0.0,0.0,0.0,0.0,0.0,0.0,0.0,0.0,0.0,0.0,0.0,0.0,0.04631,0.0,0.0,0.0,0.0,0.0,0.0,0.0,0.0,0.0,0.0,0.0,0.0,0.0
"Lactobacillus_rhamnosus",0.0,0.0,0.0,0.0,0.0,0.0,0.0,0.0,0.05378,0.02567,0.0,0.0,0.0,0.0,0.0,0.0,0.0,0.0,0.0,0.0,0.0,0.0,0.0,0.0,0.0,0.0,0.0,0.0,0.0,0.0,0.0,0.13973,0.0,0.0,0.0,0.0,0.0,0.0,0.0,0.0,0.0,0.0,0.35233,0.0,0.0,0.0,0.0,0.0
"Lactobacillus_ruminis",0.0,0.0,0.0,0.0,0.0,0.0,0.0,0.0,0.0,0.0,0.0,0.0,0.0,0.0,0.0,0.0,0.0,0.0,0.0,0.0,0.0,0.0,0.0,0.0,0.0,0.0,0.0,0.0,0.0,0.0,0.0,0.0,0.0,0.0,0.0,0.0,0.0,0.0,0.0,0.0,0.0,0.0,0.0,0.11137,0.0,0.0,0.0,0.0
"Pediococcus_acidilactici",0.0,0.0,0.0,0.0,0.0,0.0,0.0,0.0,0.0,0.0,0.0,0.0,0.0,0.0,0.0,0.0,0.0,0.0,0.0,0.03331,0.0,0.0,0.0,0.0,0.0,0.0,0.0,0.0,0.0,0.0,0.0,0.0,0.0,0.0,0.0,0.0,0.0,0.0,0.0,0.0,0.0,0.0,0.0,0.0,0.0,0.0,0.0,0.0
"Leuconostoc_citreum",0.0,0.0,0.0,0.0,0.0,0.0,0.0,0.0,0.0,0.0,0.0,0.0,0.0,0.0,0.0,0.0,0.0,0.0,0.0,0.0,0.0,0.0,0.0,0.0,0.0,0.0,0.0,0.0,0.0,0.0,0.0,0.0,0.0,0.0,0.0,0.0,0.0,0.0,0.0,0.05469,0.0,0.0,0.0,0.0,0.0,0.0,0.0,0.0
"Lactococcus_lactis",0.0,0.0,0.0,0.0,0.0,0.0,0.0,0.0,0.0,0.01394,0.01147,0.0,0.11867,0.04993,0.0,0.01,0.0,0.0,0.03235,0.01716,0.0,0.06845,0.0,0.0,0.0,1.97794,1.6502599999999998,0.0,0.0,0.0,0.0,0.0,0.01744,0.0,0.0,0.0,0.0,0.0,0.0,1.1978,0.0,0.0,0.0,0.0,0.0,0.0,0.04015,0.09734
"Streptococcus_anginosus",0.0,0.0,0.54288,0.0,0.0,0.0,0.0,0.0,0.0,0.0,0.0,0.0,0.0,0.0,0.0,0.0,0.0,0.0,0.0,0.0,0.0,0.0,0.0,0.0,0.0,0.0,0.0,0.0,0.0,0.0,0.0,0.0,0.0,0.0,0.0,0.0,0.0,0.0,0.0,0.0,0.0,0.0,0.0,0.0,0.0,0.0,0.0,0.0
"Streptococcus_australis",0.0,0.0,0.0147,0.0,0.0,0.14011,0.01294,0.0,0.0,0.0,0.02448,0.0,0.0,0.05305,0.0,0.0,0.00248,0.0,0.01241,0.0,0.0,0.0,0.0,0.0,0.00432,0.0,0.27895,0.0,0.19051,0.0,0.0,0.0,0.0,0.11593,0.03416,0.0,0.0,0.0,0.0,0.19594,0.0,0.02715,0.0,0.0,0.0,0.0,0.0,0.0
"Streptococcus_gallolyticus",0.0,0.0,0.0,0.0,0.0,0.0,0.0,0.0,0.0,0.0,0.0,0.0,0.0,0.0,0.0,0.0,0.0,0.0,0.0,0.0,0.0,0.0,0.0,0.04511,0.0,0.0,0.0,0.0,0.0,0.0,0.0,0.0,0.0,0.0,0.0,0.0,0.0,0.0,0.0,0.0,0.0,0.0,0.0,0.0,0.0,0.0,0.0,0.0
"Streptococcus_infantarius",0.0,0.0,0.0,0.0,0.0,0.0,0.0,0.0,0.0,0.0,0.0,0.0,0.0,0.0,0.0,0.0,0.01853,0.0,0.0,0.0,0.0,0.0,0.0,0.0,0.00286,0.0,0.0,0.0,0.0,0.0,0.0,0.0,0.0,0.0,0.0,0.0,0.0,0.0,0.0,0.0,0.0,0.02023,0.0,0.0,0.0,0.0,0.0,0.0
"Streptococcus_infantis",0.0,0.0,0.0,0.0,0.0,0.05282,0.01426,0.0,0.0,0.0,0.0,0.0,0.0,0.08405,0.0,0.0,0.0,0.0,0.0,0.0,0.0,0.0,0.0,0.0,0.01013,0.0,0.10997,0.02205,0.0,0.0,0.0,0.0,0.0,0.0,0.0,0.0,0.0,0.0,0.00448,0.05287,0.0,0.02117,0.0,0.0,0.0,0.0,0.0,0.0
"Streptococcus_intermedius",0.0,0.0,0.0,0.0,0.0,0.0,0.0,0.0,0.0,0.0,0.0,0.0,0.0,0.0,0.0,0.0,0.0,0.0,0.0,0.0,0.0,0.0,0.01105,0.0,0.0,0.0,0.0,0.0,0.0,0.0,0.0,0.0,0.0,0.0,0.0,0.0,0.0,0.0,0.0,0.0,0.0,0.0,0.0,0.0,0.0,0.0,0.0,0.0
"Streptococcus_lutetiensis",0.0,0.0,0.0,0.0,0.0,0.0,0.0,0.0,0.0,0.0,0.0,0.0,0.0,0.0,0.0,0.0,0.0,0.0,0.0,0.0,0.00186,0.0,0.0,0.0,3.32188,0.0,0.0,0.0,0.0,0.0,0.0,0.0,0.0,0.0,0.0,0.0,0.0,0.0,0.0,0.0,0.0,0.07093,0.0,0.0,0.0,0.0,0.0,0.0
"Streptococcus_mitis_oralis_pneumoniae",0.0,0.0,0.00477,0.0,0.0,0.00876,0.0,0.0,0.0,0.0,0.0,0.31985,0.10552,0.19374,0.0,0.02425,0.01496,0.0,0.0,0.08569,0.0,0.01606,0.00864,0.0,0.0687,0.0,0.31017,0.12632,0.0,0.35934,0.0,0.03765,0.14996,0.0,0.00989,0.0,0.0,0.0,0.25146,0.30116,0.0,0.08623,0.13455,0.0998,0.04423,0.01756,0.0,0.0
"Streptococcus_parasanguinis",0.0,0.0,0.0161,0.1941,0.13327,0.0,0.0,0.0,0.03151,0.0,0.0,0.44395,0.04173,0.09396,0.0,0.05223,0.05762,0.0,0.0,0.15092,0.01538,0.30358,0.14253,0.0,0.02114,0.0,0.0,0.23924,0.37134,0.08622,0.01275,0.00723,0.04541,0.0395,0.00414,0.01532,0.00125,0.0,0.3013,0.0,0.03312,0.0,0.03743,0.05533,0.10076,0.26936,0.0,0.03054
"Streptococcus_pasteurianus",0.0,0.0,0.0,0.0,0.0,0.0,0.0,0.0,0.0,0.0,0.0,0.0,0.0,0.0,0.0,0.0,0.0,0.0,0.0,0.0,0.0,0.0,0.0,2.0749,0.0,0.0,0.0,0.0,0.0,0.0,0.0,0.0,0.0,0.0,0.0,0.0,0.0,0.0,0.0,0.0,0.0,0.0,0.0,0.0,0.0,0.0,0.0,0.0
"Streptococcus_peroris",0.0,0.0,0.0,0.0,0.0,0.0,0.0,0.0,0.0,0.0,0.0,0.0,0.0,0.0,0.0,0.0,0.0,0.0,0.0,0.0,0.0,0.00431,0.0,0.0,0.0,0.0,0.0,0.0,0.0,0.06515,0.0,0.0,0.0,0.0,0.0,0.0,0.0,0.0,0.0,0.0,0.0,0.0,0.0,0.07733,0.0,0.0,0.0,0.0
"Streptococcus_pseudopneumoniae",0.0,0.0,0.0,0.0,0.0,0.0,0.0,0.0,0.0,0.0,0.0,0.0,0.0,0.0,0.0,0.0,0.0,0.0,0.0,0.0,0.0,0.0,0.0,0.0,0.0,0.0,0.01739,0.0,0.0,0.0,0.0,0.0,0.0,0.0,0.0,0.0,0.0,0.0,0.0,0.0,0.0,0.02435,0.0,0.0,0.0,0.0,0.0,0.0
"Streptococcus_salivarius",0.00356,0.19829,0.39353,0.64051,0.73693,0.0,0.01256,0.24118,0.44327,0.21397,0.90319,0.72995,0.25739,0.37699,0.34619,0.27745,0.45386,0.39803,0.40191,0.51427,0.16846,1.07293,0.5408,0.17628,0.0526,0.30552,2.8073,0.91219,6.45314,0.02936,0.1928,0.14763,0.12386,0.52618,0.33299,0.29758,0.05723,0.45786,0.81298,0.33199,0.06245,7.91245,0.07967,0.08974,0.71023,1.10504,0.03798,0.17794
"Streptococcus_sanguinis",0.0,0.0,0.01233,0.0,0.0,0.00591,0.0,0.0,0.001,0.0,0.03043,0.0,0.0,0.0124,0.0,0.0,0.0,0.0,0.0,0.00278,0.0,0.0,0.01791,0.0,0.0,0.0,0.05086,0.00982,0.0,0.0,0.01741,0.0,0.0,0.0,0.0,0.02065,0.0,0.0,0.0,0.00623,0.0,0.0,0.0,0.0,0.0,0.0,0.0,0.0
"Streptococcus_thermophilus",0.0,0.15636,0.0,0.16027,0.0,4.60003,1.12725,0.0,1.09475,0.87063,0.0,1.59605,2.5893100000000002,7.71415,0.0,2.60369,0.6949,0.0,3.42855,0.0,0.03645,0.24702,0.0,0.0,0.0,0.0,3.89088,0.22538,0.0,0.0,0.0,0.0,4.15302,0.10792,1.61796,0.0,0.0,0.0,0.0,2.42634,0.0,3.03925,0.0,0.00645,0.04634,0.0,0.09528,0.01474
"Streptococcus_vestibularis",0.0,0.0,0.0,0.0,0.0,0.0,0.0,0.0,0.0,0.0,0.0,0.0,0.0,0.0,0.0,0.0,0.01258,0.0,0.0,0.0,0.0,0.0,0.01324,0.0,0.0,0.0,0.0,0.04336,0.0,0.0,0.0,0.09385,0.0,0.0,0.0,0.0,0.0,0.0,0.0,0.0,0.0,0.06316,0.0,0.03986,0.0,0.0,0.00631,0.0
"Butyricicoccus_pullicaecorum",0.0,0.0,0.0,0.0,0.0,0.0,0.0,0.0,0.0,0.0,0.0,0.0,0.0,0.0,0.0,0.0,0.0,0.0,0.0,0.0,0.0,0.0,0.03105,0.0,0.0,0.0,0.0,0.0,0.0,0.0,0.0,0.0,0.0,0.0,0.0,0.0,0.0,0.0,0.0,0.0,0.0,0.19967,0.0,0.0,0.0,0.0,0.0,0.0
"Clostridiaceae_bacterium_JC118",0.0,0.0,0.01931,0.0,0.0,0.0,0.0,0.0,0.0,0.0,0.0,0.0,0.0,0.0,0.0,0.0,0.11252,0.0,0.0,0.0,0.02131,0.0,0.00666,0.0,0.0,0.02125,0.0,0.0,0.01441,0.0,0.0,0.0,0.0,0.0,0.0,0.0,0.0,0.0,0.0,0.0,0.00147,0.0,0.0,0.0,0.0,0.0,0.0,0.0
"Clostridium_asparagiforme",0.0,0.0,0.01436,0.0,0.0,0.0,0.0,0.0487,0.0,0.0,0.02017,0.0,0.0,0.0,0.0,0.0,0.00321,0.0,0.0,0.0,0.0,0.0,0.00189,0.0,0.0,0.0,0.0,0.03504,0.0,0.0,0.01897,0.0,0.0,0.0,0.0,0.0,0.0,0.0,0.0,0.0,0.0,0.03071,0.0,0.0,0.0,0.0,0.0,1.1327099999999999
"Clostridium_bolteae",0.0,0.0,0.0781,0.0,0.0,0.20641,0.00322,0.03959,0.00219,0.0,0.0,0.0,0.0,0.08082,0.0,0.0,0.11384,0.02999,0.0,0.17289,0.0209,0.02322,0.10268,0.84707,0.03735,0.02267,0.0,0.03613,0.14225,0.0287,0.00431,0.01178,0.0373,0.0,0.0,0.0,0.0,0.0,0.04626,0.0,0.00419,0.0,0.0,0.0,0.04044,0.0,0.0,5.57814
"Clostridium_celatum",0.0,0.0,0.00198,0.0,0.0,0.0,0.0,0.0,0.0,0.0,0.0,2.14582,0.0,0.0,0.0,0.0,0.0,0.0,0.0,0.0,0.0,0.02151,0.0,0.0,0.0,0.0,0.0,0.0,0.0,0.0,0.0,0.0,0.0,0.0,0.0,0.0,0.0,0.0,0.0,0.0,0.0,0.0,0.0,0.0,0.0,0.0,0.0,0.0
"Clostridium_citroniae",0.0,0.0,0.02536,0.0,0.0,0.00452,0.0,0.0,0.0,0.0,0.0,0.0,0.0,0.0,0.0,0.0,0.00235,0.0,0.0031,0.01411,0.0,0.0,0.0,0.0,0.0,0.0,0.0,0.00502,0.0,0.0,0.0,0.0,0.0,0.0,0.0,0.0,0.0,0.0,0.0,0.0,0.0,0.0,0.0,0.0,0.0,0.0,0.0,1.93918
"Clostridium_clostridioforme",0.0,0.0,0.0,0.0,0.0,0.0,0.0,0.01157,0.0,0.0,0.0,0.0,0.0,0.0,0.0,0.0,0.0,0.00263,0.01389,0.0,0.00163,0.0,0.0638,0.0,0.37317,0.0,0.0,0.0,0.0,12.06753,0.0,0.0,0.0,0.0,0.0,0.0,0.0,5.418,0.0,0.0,0.0,1.67984,0.0,0.0,0.0,0.0,0.0,0.19607
"Clostridium_hathewayi",0.0,0.0268,0.08347,0.0,0.0,0.07345,0.02746,0.0,0.0,0.03359,0.00113,0.0,0.0,0.0,0.0,0.0,0.0425,0.00058,0.0,0.02094,0.0,0.02391,0.0,0.02251,0.0245,0.0,0.0,0.01522,0.0,0.0,0.0,0.0,0.0,0.0,0.0,0.35876,0.02411,0.0,0.0,0.0,0.0,0.02356,0.0,0.0,0.0,0.0,0.0,0.0333
"Clostridium_leptum",0.22645,0.23763,0.0,0.0,0.0,0.0,0.08814,0.0,0.04592,0.13899,0.04498,0.0,0.30557,0.0,0.0,0.0,0.01974,0.0,0.04279,0.0,0.95876,0.0,0.01553,0.0,0.0,0.0,0.0,0.0,0.0,0.0,0.04191,0.0,0.01782,0.0,0.46848,0.0,0.0559,0.0,0.0,0.0,0.01956,1.7417,0.0,0.0,0.1081,0.38857,0.0,0.51216
"Clostridium_nexile",0.0,0.03132,3.77545,0.0,0.0,0.61601,0.0,0.0,0.0,0.39422,0.02624,0.0,0.0,0.30204,0.0,0.0,0.0,0.0,0.0,1.1366100000000001,0.0,2.14517,0.0,0.37833,0.00047,0.0,0.0,0.07556,0.0,25.49634,0.0,0.0,0.0,0.0,0.0,0.0,0.11815,0.0,0.43183,0.0,0.0,3.26496,0.0,0.0,0.0,0.0,0.0,0.0
"Clostridium_perfringens",0.0,0.0,0.0,0.0,0.0,0.0,0.0,0.0,0.0,0.0,0.0,0.0,0.0,0.0,0.0,0.0,0.0,0.0,0.0,0.0,0.10424,0.0,0.0,0.0,0.0,0.0,0.0,0.0,0.0,0.0,0.0,0.0,0.0,0.0,0.0,0.0,0.0,0.0,0.0,0.0,0.0,0.0,0.0,0.0,0.0,0.0,0.0,0.0
"Clostridium_scindens",0.0,0.0,0.0,0.0,0.0,0.0,0.0,0.0,0.0,0.0,0.0,0.0,0.0,0.0,0.0,0.0,0.12913,0.0,0.0,0.0,0.0,0.00277,0.0,0.0,0.0,0.0,0.0,0.0,0.02478,0.0,0.0,0.0,0.0,0.0,0.0,0.0,0.0,0.0,0.0,0.0,0.0,0.0,0.0,0.0,0.0,0.0,0.0,0.0
"Clostridium_sp_L2_50",0.0,0.0,0.0,0.0,0.0,0.0,0.0,0.0,0.0,0.0,0.0,0.0,0.0,0.0,0.0,0.0,0.0,0.0,0.0,0.0,0.0,1.35254,0.0,0.0,0.0,0.0,0.0,0.0,0.0,0.0,0.0,0.0,0.0,0.0,0.0,0.0,0.0,0.0,0.0,0.0,0.0,0.0,0.0,0.0,0.0,0.0,0.0,0.0
"Clostridium_symbiosum",0.0,0.0,0.04101,0.0,0.0,0.01466,0.01131,0.0,0.0,0.0,0.0,0.0,0.0,0.0,0.0,0.0,0.00058,0.0,0.0,0.12928,0.0,0.01384,0.0,0.4306,0.0,0.08011,0.0,0.0,0.23175,0.0,0.00292,0.0,0.0,0.0,0.0,0.0,0.0,0.0,0.0,0.0,0.02624,0.0,0.0,0.0,0.0,0.0,0.0,0.04743
"Anaerococcus_lactolyticus",0.0,0.0,0.00322,0.0,0.0,0.0,0.0,0.0,0.0,0.0,0.0,0.0,0.0,0.0,0.0,0.0,0.0,0.0,0.0,0.0,0.0,0.0,0.0,0.0,0.0,0.0,0.0,0.0,0.0,0.0,0.0,0.0,0.0,0.0,0.0,0.0,0.0,0.0,0.0,0.0,0.0,0.0,0.0,0.0,0.0,0.0,0.0,0.0
"Anaerococcus_obesiensis",0.0,0.0,0.0591,0.0,0.0,0.0,0.0,0.0,0.0,0.0,0.0,0.0,0.0,0.0,0.0,0.0,0.0,0.0,0.0,0.0,0.0,0.0,0.0,0.0,0.0,0.0,0.0,0.0,0.0,0.0,0.0,0.0,0.0,0.0,0.0,0.0,0.0,0.0,0.0,0.0,0.0,0.0,0.0,0.0,0.0,0.0,0.0,0.0
"Anaerococcus_prevotii",0.0,0.0,0.04489,0.0,0.0,0.0,0.0,0.0,0.0,0.0,0.0,0.0,0.0,0.0,0.0,0.0,0.0,0.0,0.0,0.0,0.0,0.0,0.0,0.0,0.0,0.0,0.0,0.0,0.0,0.0,0.0,0.0,0.0,0.0,0.0,0.0,0.0,0.0,0.0,0.0,0.0,0.0,0.0,0.00255,0.0,0.0,0.0,0.0
"Anaerococcus_vaginalis",0.0,0.0,0.1294,0.0,0.0,0.00682,0.0,0.0,0.0,0.0,0.0,0.0,0.0,0.0,0.0,0.0,0.0,0.0,0.0,0.0,0.0,0.0,0.0,0.0,0.0,0.0,0.0,0.0,0.0,0.0,0.0,0.0,0.0,0.0,0.0,0.0,0.0,0.0,0.0,0.0,0.0,0.0,0.0,0.0,0.0,0.0,0.0,0.0
"Finegoldia_magna",0.0,0.0,0.10221,0.0,0.0,0.0,0.0,0.0,0.0,0.0,0.0,0.0,0.0,0.0,0.0,0.0,0.0,0.0,0.0,0.0,0.0,0.0,0.0,0.0,0.0,0.0,0.0,0.0,0.0,0.0,0.0,0.0,0.0,0.0,0.0,0.0,0.0,0.0,0.0,0.0,0.0,0.0,0.0,0.0,0.0,0.0,0.0,0.0
"Parvimonas_micra",0.0,0.0,0.0,0.0,0.0,0.0,0.0,0.0,0.0,0.0,0.0,0.04529,0.0,0.0,0.0,0.0,0.0,0.0,0.0,0.0,0.0,0.0,0.0,0.0,0.0,0.0,0.0,0.0,0.0,0.0,0.0,0.0,0.0,0.0,0.0,0.0,0.0,0.0,0.0,0.0,0.0,0.0,0.0,0.0,0.0,0.0,0.0,0.0
"Parvimonas_unclassified",0.0,0.0,0.09163,0.0,0.0,0.0,0.0,0.0,0.0,0.0,0.0,0.11493,0.0,0.0,0.0,0.0,0.0,0.0,0.0,0.0,0.0,0.0,0.0,0.0,0.0,0.0,0.0,0.0112,0.0,0.0,0.0,0.0,0.0,0.0,0.0,0.0,0.0,0.0,0.0,0.0,0.0,0.0,0.0,0.0,0.0,0.0,0.0,0.0
"Peptoniphilus_duerdenii",0.0,0.0,0.0285,0.0,0.0,0.0,0.0,0.0,0.0,0.0,0.0,0.0,0.0,0.0,0.0,0.0,0.0,0.0,0.0,0.0,0.0,0.0,0.0,0.0,0.0,0.0,0.0,0.0,0.0,0.0,0.0,0.0,0.0,0.0,0.0,0.0,0.0,0.0,0.0,0.0,0.0,0.0,0.0,0.0,0.0,0.0,0.0,0.0
"Peptoniphilus_lacrimalis",0.0,0.0,0.09909,0.0,0.0,0.0,0.0,0.0,0.0,0.0,0.0,0.0,0.0,0.0,0.0,0.0,0.0,0.0,0.0,0.0,0.0,0.0,0.0,0.0,0.0,0.0,0.0,0.0,0.0,0.0,0.0,0.0,0.0,0.0,0.0,0.0,0.0,0.0,0.0,0.0,0.0,0.0,0.0,0.0,0.0,0.0,0.0,0.0
"Peptoniphilus_timonensis",0.0,0.0,0.06573,0.0,0.0,0.0,0.0,0.0,0.0,0.0,0.0,0.0,0.0,0.0,0.0,0.0,0.0,0.0,0.0,0.0,0.0,0.0,0.0,0.0,0.0,0.0,0.0,0.0,0.0,0.0,0.0,0.0,0.0,0.0,0.0,0.0,0.0,0.0,0.0,0.0,0.0,0.0,0.0,0.0,0.0,0.0,0.0,0.0
"Clostridiales_bacterium_1_7_47FAA",0.0,0.0,0.01634,0.0,0.0,0.0,0.0,0.0,0.0,0.0,0.0,0.0,0.0,0.0,0.0,0.0,0.02098,0.0,0.0,0.0,0.0,0.0,0.01519,0.03522,0.0,0.0,0.0,0.0,0.0187,0.0,0.0,0.0,0.0,0.0,0.0,0.0,0.0,0.0,0.0,0.0,0.0,0.0,0.0,0.0,0.0,0.0,0.0,0.1016
"Flavonifractor_plautii",0.0,0.0,0.0326,0.0,0.0,0.42061,0.06115,0.00432,0.0,0.0,0.00578,0.0,0.0,0.01576,0.0,0.0,0.01794,0.0,0.0,0.01407,0.0,0.13555,0.01305,0.10913,0.0799,0.0022,0.0,0.0,0.04164,1.13668,0.0,0.0,0.0,0.0,0.0,0.0,0.0,0.0,0.0,0.0,0.00297,0.08262,0.0,0.0,0.0,0.0,0.0,0.0
"Anaerofustis_stercorihominis",0.0,0.0,0.0,0.0,0.0,0.0,0.0,0.0,0.0,0.0,0.0,0.0,0.0,0.0,0.0,0.0,0.005,0.0,0.0,0.0,0.0,0.0,0.0,0.0,0.0,0.0,0.0,0.0,0.0,0.0,0.0,0.0,0.0,0.0,0.0,0.0,0.0,0.0,0.0,0.0,0.0,0.0,0.0,0.0,0.0,0.0,0.0,0.0
"Eubacterium_eligens",0.0,0.21159,0.41937,0.27267,0.11217,0.0,0.0,1.31213,0.94678,2.3312,0.69757,0.08283,1.08049,0.4889,0.03544,0.0,1.25284,0.37174,0.37279,6.5235199999999995,0.72327,0.76272,0.36536,0.0,0.0,0.0,0.0,0.52374,1.47897,0.0,0.02668,0.0,0.7937,0.85505,0.58502,0.50675,0.03794,0.0,0.0,0.1062,0.01812,0.0,0.0,0.0,0.0,0.0,1.30683,0.0
"Eubacterium_hallii",0.38503,0.56414,0.60283,1.11684,0.56088,0.0,0.0,0.24572,0.55392,1.16872,0.34932,0.13948,0.31648,0.04299,0.18695,0.29379,1.31705,0.16591,0.65652,0.15172,0.86118,0.25566,0.86064,0.0,0.0,0.93662,0.86157,0.24673,0.14754,0.0,0.9982,0.0,0.849,1.7116500000000001,0.03199,0.58636,0.7319,0.0,1.6396,0.71686,1.09775,0.0,0.0,1.3569499999999999,0.26892,0.56689,1.07804,0.0
"Eubacterium_ramulus",0.0,0.1485,0.22014,0.08579,0.0,0.23308,0.0,0.0,0.0,0.12585,0.18753,0.60386,0.10564,0.0,0.06964,0.13295,0.0,0.00209,0.20449,0.0,0.23866,0.0,0.0,0.0,0.0,0.0,0.0,0.0,0.0,0.0,0.0,0.0,0.0,0.64028,0.17249,0.3743,0.07824,0.0,0.0,0.0,0.2155,0.0,0.0,0.04134,0.06657,0.23756,0.0875,0.0
"Eubacterium_rectale",4.97488,3.84794,1.67502,3.23866,23.56375,32.03522,3.89559,2.14222,3.97731,2.91398,9.72128,9.92302,13.39568,12.05802,4.75186,1.87607,6.99482,4.80183,3.92963,7.90256,17.01006,0.0,8.91964,0.0,0.0,11.67446,12.5593,14.37551,3.02522,0.0,4.46791,0.0,4.61662,23.02533,0.50169,11.12124,5.78879,0.0,0.96298,1.24434,10.674900000000001,0.0,0.0,6.82468,1.18556,2.30355,0.63571,0.0
"Eubacterium_siraeum",0.16287,2.37835,7.81111,9.44348,0.27464,0.45042,0.39659,16.82104,10.85913,1.7290999999999999,2.55782,4.19519,0.0,0.0,1.14052,0.0,3.29768,0.97655,0.0,0.0,0.0,2.26975,0.00222,0.0,0.0,8.07536,0.32563,1.6319599999999999,0.63247,0.0,0.0,0.0,0.25615,0.67557,2.8083299999999998,1.23102,0.04716,0.0,0.29329,0.0,0.08418,0.0,0.0,0.0129,0.0,0.0,6.12022,0.0
"Eubacterium_sp_3_1_31",0.00694,0.0,0.03375,0.0,0.0,0.1169,0.0,0.0,0.0,0.0,0.0,0.0,0.0,0.0,0.0,0.0,0.0,0.0,0.0,0.0,0.0,0.01764,0.0,0.0,0.0,0.0,0.0,0.0,0.0,0.0,0.0,0.0,0.01655,0.0,0.0,0.0,0.0,0.0,0.0,0.0,0.0,0.0,0.0,0.0,0.0,0.0,0.0,0.0
"Eubacterium_ventriosum",0.0,0.0,0.13346,0.0,0.27304,0.0,0.0,0.00418,0.02741,0.04371,0.21999,0.0,0.0,0.0,0.0,0.11464,0.23402,0.07762,0.58538,0.3603,0.0,0.22093,0.0,0.0,0.0,0.0,0.0,0.0,0.0,0.0,0.0,0.0,0.64507,0.24888,0.0,0.0,0.33944,0.0,0.0,0.0,0.0,0.0,0.0,0.0284,0.06242,0.36654,0.78922,0.0
"Anaerostipes_caccae",0.0,0.0,0.0,0.0,0.0,0.0,0.0,0.0,0.00191,0.0,0.0,0.0,0.0,0.0,0.0,0.0,0.0,0.0,0.0,0.0,0.0,0.0,0.0,0.0,0.0,0.0,0.0,0.0,0.0,1.61597,0.0,0.0,0.0,0.0,0.0,0.0,0.0,0.0,0.0,0.0,0.0,0.0,0.0,0.0,0.0,0.0,0.0,0.0
"Anaerostipes_hadrus",0.10238,0.07675,0.01844,0.0,0.01762,0.57138,0.03626,0.02055,0.52879,0.95986,0.37414,0.09726,0.20463,0.84484,0.00912,0.07884,0.46284,0.04714,0.6446,0.81779,0.10606,0.07768,0.05548,0.0,0.0,0.01863,0.05052,0.85179,0.0344,0.0,0.0,0.0,0.22706,0.60981,0.08867,1.05799,0.07718,0.0,0.4336,0.56736,0.08521,0.0,0.0,0.28818,0.01043,0.2984,0.03345,0.0
"Anaerostipes_sp_3_2_56FAA",0.0,0.0,0.0,0.0,0.0,0.0,0.0,0.0,0.0,0.0,0.0,0.0,0.0,0.0,0.0,0.0,0.0,0.0,0.0,0.0,0.0,0.0,0.0,0.0,1.5580500000000002,0.0,0.0,0.0,0.0,0.0,0.0,0.0,0.0,0.0,0.0,0.0,0.0,0.0,0.0,0.0,0.0,0.0,0.0,0.0,0.0,0.0,0.0,0.0
"Anaerostipes_unclassified",0.0,0.0,0.0,0.0,0.0,0.0,0.0,0.0,0.0,0.0,0.0,0.0,0.0,0.0,0.0,0.0,0.0,0.0,0.0,0.0,0.0,0.0,0.0,0.00162,0.25282,0.0,0.0,0.0,0.0,2.62666,0.00792,0.05992,0.0,0.0,0.0,0.0,0.0,0.84053,0.0,0.0,0.0,0.35349,0.0,0.0,0.0,0.0,0.0,0.0
"Blautia_hydrogenotrophica",0.0,0.0,0.01629,0.0,0.0,0.0,0.033,0.0,0.0,0.0,0.0,0.0,0.0,0.0,0.0,0.00829,0.04013,0.0,0.0,0.0,0.0,0.0,0.00043,0.0,0.0,0.0,0.0,0.00978,0.0,0.0,0.0,0.0,0.0,0.06763,0.0,0.00283,0.0,0.0,0.0,0.0,0.0,0.0,0.0,0.0,0.0,0.0,0.0,0.0
"Blautia_producta",0.0,0.0,0.0,0.0,0.0,0.0,0.0,0.0,0.0,0.0,0.0,0.0,0.0,0.0,0.0,0.0,0.0,0.0,0.0,0.0,0.0,0.0,0.0,0.00648,0.16065,0.0,0.0,0.0,0.0,0.0,0.0,0.0,0.0,0.0,0.0,0.0,0.0,0.0,0.0,0.0,0.0,0.08568,0.0,0.0,0.0,0.0,0.0,0.16345
"Ruminococcus_gnavus",0.28817,0.0,0.0,0.0,0.0689,0.0,0.01409,0.0,0.00282,0.0,0.04244,1.03847,0.65957,1.60666,0.0,0.01641,0.16465,0.5759,0.06312,0.21411,0.27641,0.06751,0.02616,7.74074,2.50117,0.19059,0.16869,1.66697,0.69815,0.0,0.03937,6.44611,0.04556,0.20414,0.28293,0.04129,0.0,0.0,0.02031,0.20822,0.00077,12.00889,4.60078,0.0,0.08038,3.14015,0.0,0.25675
"Ruminococcus_obeum",0.18835,0.77447,0.47884,0.33958,0.60806,0.79469,0.04223,0.06584,0.75969,0.61743,1.45247,0.7023,0.48575,0.48035,0.26435,0.13437,0.0688,0.05026,0.39252,0.43693,0.70842,0.30989,0.05359,0.0,0.0,0.19838,0.41331,0.03173,0.07527,0.0,0.10241,0.0,0.42812,4.13235,0.84732,1.33091,1.2601,0.0,1.00567,0.03862,0.90212,0.0,0.0,0.78924,0.21639,0.60796,0.45326,0.01453
"Ruminococcus_torques",1.07859,0.71927,0.9486,0.0,1.37333,0.97593,0.48498,0.85819,0.62701,0.60478,0.95877,5.48957,0.73508,1.80419,0.33293,0.42658,0.60709,1.13665,0.18168,1.16289,0.97305,2.67218,2.65558,0.76887,0.0557,0.71082,2.13443,4.51334,0.76529,0.40775,2.02375,0.30807,4.5395900000000005,0.36724,0.65468,0.69812,1.7895400000000001,0.0,7.33947,0.45485,0.96417,3.5638199999999998,0.61183,1.04577,1.8749,0.85656,1.21784,2.10984
"Butyrivibrio_unclassified",0.0,0.0,0.01592,0.0,0.0,0.0,0.0,0.0,0.01314,0.0,0.0,0.0,0.0,0.0,0.0,0.0,0.0,0.0,0.0,0.0,0.0,0.0,0.01064,0.0,0.0,0.0,0.0,0.04053,0.0,0.0,0.0,0.0,0.0269,0.0,0.0,0.0,0.0,0.0,0.0,0.0,0.0,0.0,0.0,0.0,0.0,0.0,0.0,0.0
"Coprococcus_catus",0.0,0.19292,0.71746,0.0,0.33617,0.0,0.0,0.0,0.22802,0.43496,0.22524,0.38211,0.00926,0.0,0.09277,0.02474,0.0,0.0,0.15687,0.0,0.0,0.0,0.0,0.0,0.0,0.0,0.09945,0.0,0.0,0.0,0.0,0.0,0.85032,0.0,0.0,0.19409,0.18329,0.0,0.0,0.0,0.03407,0.0,0.0,0.37728,0.0,0.14491,0.35298,0.0
"Coprococcus_comes",0.0,0.36832,0.10877,0.3306,0.0,0.84006,0.58734,0.46241,0.21698,0.80055,0.54437,1.52794,0.51498,0.0,0.22051,0.0,0.0,0.97909,0.44744,0.0,0.0,0.5905,0.0,0.0,0.0,0.24726,0.0,0.0,0.0,0.0,0.0,0.0,1.3309,1.47794,0.58717,0.80049,0.59304,0.0,0.0,0.0,1.12564,0.0,0.0,0.0,0.25239,0.80641,0.88186,0.0
"Coprococcus_eutactus",0.0,0.0,0.04384,0.0,0.0,0.0,0.0,3.97954,0.0,0.0,0.0,0.20279,0.0,0.0,0.0,0.0,0.0,0.00278,0.0,0.0,0.0,0.0,0.0,0.0,0.0,0.0,0.0,0.0,0.0,0.0,0.0,0.0,0.0,0.0,0.0,0.0,0.14188,0.0,0.0,0.0,0.0,0.0,0.0,0.0,0.0,0.0,2.29514,0.0
"Coprococcus_sp_ART55_1",0.0,2.26806,3.08959,0.0,0.0,0.0,0.0,0.0,0.0,1.86032,1.11462,0.0,0.0,0.0,0.0,0.0,0.0,0.0,9.54232,0.0,0.0,0.0,0.0,0.0,0.0,0.0,0.0,0.0,0.0,0.0,0.82793,0.0,1.9339499999999998,0.0,2.05958,2.11963,0.0,0.0,0.0,0.0,0.0,0.0,0.0,0.0,0.0,0.0,0.0,0.0
"Dorea_formicigenerans",0.0,0.31557,0.42954,0.15439,0.28575,0.17672,0.09137,0.0,0.29391,0.05667,0.13165,0.55019,0.19076,0.0,0.16119,0.08733,0.0,0.11707,0.0,0.0,0.0,0.0,0.0,0.0,0.0,0.36391,0.0,0.0,0.0,0.0,0.2394,0.0,0.0,0.38123,0.11963,0.23053,0.23832,0.0,0.57418,0.0,0.0,0.0,0.0,0.40823,0.01177,0.1502,0.24744,0.0
"Dorea_longicatena",0.0,0.70745,0.26259,0.38689,0.16109,0.23959,0.4401,0.03369,0.11518,0.68041,1.00463,1.26181,0.73279,0.0,0.08242,0.61058,0.0,0.07892,0.1741,0.31631,0.11176,0.0,0.0,0.0,0.0,0.06842,0.31985,0.19266,0.0,0.0,0.98011,0.0,2.99945,0.0,0.0,0.52861,1.20621,0.0,0.0,0.08551,0.25096,0.0,0.0,0.12187,0.02636,0.86785,2.19866,0.0
"Dorea_unclassified",0.0,0.0,0.0,0.63149,0.3621,0.0,0.0,0.0,0.0,0.0,0.0,0.0,0.0,0.0,0.0,0.0,0.0,0.0,0.0,0.0,0.0,0.04614,0.0,0.0,0.0,0.0,0.0,0.04574,0.0,0.0,0.0,0.0,0.0,0.0,0.0,0.0,0.0,0.0,0.0,0.0,0.49715,0.0,0.0,0.0,0.03861,0.0,0.0,0.0
"Lachnospiraceae_bacterium_1_1_57FAA",0.0,0.0,0.14439,0.0,0.35834,0.0,0.0,0.01259,0.00966,0.19946,0.50221,0.0,0.0,0.0,0.0,0.0,0.0,0.0,0.0,0.02612,0.0,1.3443399999999999,0.0,0.0,0.0,0.20094,0.0,0.0,0.0,0.0,0.0,0.0,0.0,0.0,0.0,0.0,0.04811,0.0,0.0,0.0,0.12796,0.32055,0.0,0.03411,0.8432,0.0,3.28619,0.0
"Lachnospiraceae_bacterium_1_4_56FAA",0.0,0.0,0.00259,0.0,0.0,0.0,0.00647,0.0,0.0,0.0,0.0,0.0,0.0,0.0,0.0,0.0,0.07763,0.0,0.0,0.0,0.03212,0.0,0.0,0.0,0.0,0.0,0.0,0.0,0.0,0.0,0.0,0.0,0.01506,0.0,0.0,0.0,0.0,0.0,0.0,0.0,0.0,0.0,0.0,0.0,0.0,0.0,0.0,0.0
"Lachnospiraceae_bacterium_2_1_58FAA",0.05381,0.0,0.0,0.0,0.0,0.0,0.0,0.0,0.0,0.0,0.01673,0.0,0.00897,1.13999,0.0,0.00221,0.11429,0.0,0.00979,0.0,0.00378,0.0037,0.0,1.98976,0.01413,0.02424,0.0,0.06806,0.0,0.0,0.0,0.0,0.0,0.0,0.0,0.0,0.0,0.0,0.0,0.01359,0.0,0.0,0.0,0.03789,0.0,0.0,0.0,0.0
"Lachnospiraceae_bacterium_3_1_46FAA",0.03347,0.04598,0.19578,0.0,0.0,0.0,0.0,0.0,0.21606,0.16327,0.00549,0.10071,0.03811,0.06574,0.01386,0.0,0.04096,0.23137,0.01932,0.95659,0.06414,0.01697,0.0,0.76513,0.0,0.0,0.03068,0.05175,0.33824,0.0,0.0,0.0,0.23659,0.00926,0.05374,0.0,0.0,0.0,0.56505,0.0,0.04897,0.02121,0.0,0.0,0.25865,0.0,0.15922,0.03452
"Lachnospiraceae_bacterium_3_1_57FAA_CT1",0.0,0.0,0.05722,0.0,0.0,0.0,0.0,0.0,0.0,0.0,0.0,0.0,0.0,0.0,0.00453,0.0,0.00378,0.00759,0.0,0.05857,0.0,0.0,0.0,0.0,0.0,0.0,0.0,0.02135,0.0,0.0,0.0,0.0,0.0,0.0,0.0,0.01073,0.0,0.0,0.0,0.0,0.0,0.0,0.0,0.0,0.0,0.0,0.0,0.59699
"Lachnospiraceae_bacterium_4_1_37FAA",0.0,0.0,0.0,0.0,0.0,0.0,0.0,0.0,0.0,0.0,0.0,0.0,0.0,0.00112,0.0,0.0,0.0,0.0,0.0,0.0,0.0,0.0,0.0,0.0,0.0,0.0,0.0,0.0,0.0,0.0,0.0,0.0,0.0,0.0,0.0,0.0,0.0,0.0,0.0,0.0,0.0,0.0,0.0,0.0,0.0,0.0,0.0,0.0
"Lachnospiraceae_bacterium_5_1_57FAA",0.0,0.0,0.0,0.0,0.0,0.0,0.0,0.0,0.0,0.0,0.0,0.0,0.0,0.00248,0.0,0.0,0.0,0.0,0.0,0.0,0.0,0.0,0.00701,0.0,0.0,0.0,0.0,0.0,0.07953,0.0,0.0,0.0,0.0577,0.03147,0.0274,0.0,0.0,0.0,0.21512,0.0,0.0,0.0,0.0,0.0,0.0,0.0,0.0,0.0
"Lachnospiraceae_bacterium_5_1_63FAA",0.07886,0.16667,0.04658,0.46234,0.16994,0.20779,0.2367,0.30656,0.24679,0.57016,0.27805,0.75071,0.17463,0.70146,0.05151,0.21184,0.20028,0.48167,0.08184,1.43519,1.5742099999999999,0.11521,1.08596,0.0,0.0,0.21867,0.36243,0.05765,0.13153,0.0,0.0,0.0,0.34495,0.32433,0.08778,0.48278,0.07515,0.0,0.25314,0.22489,0.2719,0.0,0.0,1.81081,0.02214,0.18967,0.15055,2.20816
"Lachnospiraceae_bacterium_6_1_63FAA",0.0,0.0,0.0,0.0,0.0,0.0,0.0,0.0,0.0,0.0,0.0,0.0,0.0,0.03183,0.0,0.0,0.0,0.0,0.0,0.0,0.0,0.0,0.0,0.0,0.0,0.0,0.0,0.0,0.0,0.0,0.0,0.0,0.0,0.0,0.0,0.0,0.0,0.0,0.0,0.0,0.0,0.0,0.0,0.0,0.0,0.0,0.0,0.0
"Lachnospiraceae_bacterium_7_1_58FAA",0.0,0.01634,0.04146,0.0,0.0,0.30191,0.05634,0.02661,0.00194,0.03344,0.00901,0.0,0.0,0.0,0.0,0.0094,0.03767,0.00306,0.02218,0.0,0.00072,0.07617,0.08358,0.0,0.00314,0.09513,0.0,0.00176,0.07457,0.0,0.01154,0.0,0.00725,0.01622,0.02988,0.01242,0.02027,0.0,0.0,0.0,0.01628,0.0,0.0,0.0,0.00681,0.0,0.46563,0.01259
"Lachnospiraceae_bacterium_8_1_57FAA",0.0,0.36237,0.0,0.0,0.77837,0.29112,0.04194,0.08844,0.22338,0.0,0.0,0.0,0.0,0.0,0.1258,0.0,0.0,0.0,0.05149,0.4394,0.0,0.0,0.0,0.0,0.0,0.46043,0.0,0.0,0.21687,0.0,0.11853,0.0,0.0,0.76319,0.64317,1.09282,0.18032,0.0,0.0,0.08195,0.96046,0.0,0.0,0.51863,0.0,0.0,0.0,0.0
"Lachnospiraceae_bacterium_9_1_43BFAA",0.0,0.0,0.0,0.0,0.0,0.0,0.0,0.0,0.0,0.0,0.0,0.0,0.0,0.07255,0.0,0.0,0.0,0.0,0.0,0.0,0.0,0.0,0.0,0.0,0.06523,0.0,0.0,0.0,0.0,0.0,0.0,0.0,0.0,0.0,0.0,0.0,0.0,0.0,0.0,0.0,0.0,0.22932,0.0,0.0,0.0,0.0,0.0,0.0
"Roseburia_hominis",0.0,0.02989,0.48631,0.0,0.0,2.84838,0.0,0.0466,0.56397,0.52388,0.09546,0.0,0.0,0.0,0.26907,0.00122,0.002,0.0,0.58894,0.0,0.02832,0.0629,0.18014,0.0,0.0,0.0,0.0,0.01004,0.09694,0.0,0.05104,0.0,0.07111,0.28115,0.0,0.01051,0.0,0.0,0.0,0.0,0.21134,1.34453,0.0,0.0,0.0,0.0,0.36205,0.0
"Roseburia_intestinalis",0.0,0.46759,0.67629,8.70562,0.6769,0.39462,1.7406199999999998,0.22801,0.09831,0.14378,0.0,4.25635,12.03412,0.78033,0.0,0.0,0.0,0.0,1.68265,3.93257,0.78373,1.34816,0.47917,0.0,0.0,0.0,1.4911699999999999,0.0,5.3661200000000004,0.0,0.0081,0.0,1.38074,0.18951,3.10876,0.31103,0.10319,0.0,0.8162,0.00598,0.58861,3.54093,0.0,0.0,4.00196,0.95081,0.02205,0.0
"Roseburia_inulinivorans",0.14275,1.5134699999999999,1.41866,0.0,0.33889,0.22598,0.32361,0.63886,0.05377,0.187,0.03897,2.21178,0.32113,0.10783,0.16287,0.07154,0.58107,0.1798,0.99912,1.63529,0.84404,4.9159500000000005,1.12262,0.0,0.0,2.47196,0.20888,0.0,0.0,0.0,0.0,0.0,2.40251,0.23722,0.56639,0.0,0.25494,0.0,1.7925499999999999,0.34019,0.38441,0.99462,0.0,2.74923,1.62865,1.92493,0.18157,0.0
"Roseburia_unclassified",0.04597,0.0,0.0,0.0,0.7816,0.0,0.0,0.0,0.0,0.06392,0.90379,0.0,0.0,1.38703,0.0,0.01473,1.99683,0.02967,0.0,0.0,0.0,0.0,0.0,0.0,0.46862,0.0,0.0,0.01029,0.0,0.0,0.2922,0.0,0.0,0.0,0.0,0.0,0.08399,0.0,0.0,0.1891,0.0,0.0,0.0,0.0,0.0,0.0,0.0,0.0
"Oscillibacter_sp_KLE_1728",0.0,0.0,0.0,0.0,0.0,0.0,0.0,0.0,0.0,0.0,0.0,0.0,0.0,0.0,0.0,0.0,0.0,0.0,0.0,0.0,0.0,0.0,0.0,0.0,0.0,3.18164,0.0,0.0,0.0,0.0,0.0,0.0,0.0,0.0,0.0,0.0,0.0,0.0,0.0,0.0,0.0,0.0,0.0,0.0,0.0,0.0,0.0,0.0
"Oscillibacter_sp_KLE_1745",0.0,0.0,0.0,0.0,0.0,0.0,0.0,0.0,0.89747,0.0,0.0,0.0,0.0,0.0,0.0,0.0,0.0,0.0,0.0,0.0,0.0,0.0,0.0,0.0,0.0,0.0,0.0,0.0,0.0,0.0,0.0,0.0,0.0,0.0,0.0,0.0,0.0,0.0,0.0,0.0,0.0,0.0,0.0,0.0,0.0,0.0,0.0,0.0
"Oscillibacter_unclassified",0.03187,0.46909,0.84905,0.06371,0.18679,1.46607,0.44783,0.15446,0.0,0.52795,0.30113,0.0,0.16211,0.3011,0.26024,0.23854,0.54465,0.107,0.05253,0.0,0.23198,0.75696,0.31733,0.0,0.0,0.68464,0.0,0.2023,0.38023,0.0,0.03366,0.0,0.05767,0.22331,0.43477,0.22669,0.14284,0.0,0.03426,0.01337,0.13322,0.0,0.0,0.0,0.38259,0.31362,0.61622,0.24487
"Clostridium_bartlettii",0.04836,1.66201,0.10989,0.73582,0.37455,0.74255,0.17674,0.04741,0.05329,0.07397,0.15036,4.45913,0.84873,0.56184,0.02214,0.82219,0.68675,0.27338,0.11674,0.47528,0.10822,1.22934,0.11595,0.91034,0.62911,0.1367,0.52414,1.1314899999999999,0.1607,0.0,0.0,0.0,0.25591,0.23816,0.14152,0.34881,0.03758,0.0,0.26469,0.39435,0.09514,4.4539,0.0,0.08036,0.0,0.6876,0.03386,0.0
"Clostridium_difficile",0.0,0.0,0.0,0.0,0.0,0.0,0.0,0.0,0.0,0.0,0.0,0.0,0.0,0.0,0.0,0.0,0.0,0.0,0.0,0.0,0.0,0.0,0.0,0.0,0.00509,0.0,0.0,0.0,0.0,4.4806799999999996,0.0,0.0,0.0,0.0,0.0,0.0,0.0,0.53511,0.0,0.0,0.0,0.0,0.01014,0.0,0.0,0.0,0.0,0.0
"Clostridium_glycolicum",0.0,0.0,0.0,0.0,0.0,0.0,0.0,0.0,0.0,0.0,0.0,0.00216,0.0,0.0,0.0,0.0,0.0,0.0,0.0,0.0,0.0,0.0,0.0,0.0,0.0,0.0,0.0,0.0,0.0,0.0,0.0,0.0,0.0,0.0,0.0,0.0,0.0,0.0,0.0,0.0,0.0,0.0,0.0,0.0,0.0,0.0,0.0,0.0
"Peptostreptococcaceae_noname_unclassified",0.02214,0.0,0.01093,0.0,0.0,0.72454,0.0,0.02525,0.14693,0.63535,0.05975,0.78501,0.59661,0.71118,0.0,0.0,0.0,0.0,0.13708,0.24678,0.0,0.68296,0.0,0.0,0.0,0.0,7.61702,0.07819,0.0,0.0,0.09739,0.0,0.0,0.0,0.12948,0.0,0.06119,0.0,0.74802,0.45292,0.0,0.0,0.0,0.02787,0.35278,0.48248,0.65358,0.0
"Peptostreptococcus_stomatis",0.0,0.0,0.0,0.0,0.0,0.0,0.0,0.0,0.0,0.0,0.0,0.0735,0.0,0.0,0.0,0.0,0.0,0.0,0.0,0.0,0.0,0.0,0.00541,0.0,0.0,0.0,0.0,0.0,0.0,0.0,0.0,0.0,0.0,0.0,0.0,0.0,0.0,0.0,0.0,0.0,0.0,0.0,0.0,0.0,0.0,0.0,0.0,0.0
"Peptostreptococcus_unclassified",0.0,0.0,0.01428,0.0,0.0,0.0,0.0,0.0,0.0,0.0,0.0,0.06364,0.0,0.0,0.0,0.0,0.0,0.0,0.0,0.0,0.0,0.0,0.0,0.0,0.0,0.0,0.0,0.0,0.0,0.0,0.0,0.0,0.0,0.0,0.0,0.0,0.0,0.0,0.0,0.0,0.0,0.0,0.0,0.02223,0.0,0.0,0.0,0.0
"Anaerotruncus_colihominis",0.0,0.0299,0.08832,0.0,0.0,0.04751,0.0,0.0,0.0,0.0,0.0,0.0,0.0,0.0,0.0,0.0,0.0,0.0,0.0,0.0,0.0,0.0,0.0,0.0,0.0,0.08795,0.0,0.0,0.00606,0.0,0.0,0.0,0.0,0.0,0.0,0.0,0.0,0.0,0.0,0.0,0.0,0.00883,0.0,0.0,0.0,0.0,0.0,0.0
"Anaerotruncus_unclassified",0.0,0.06678,0.0,0.0,0.0,0.0,0.01269,0.01406,0.03382,0.02452,0.0,0.0,0.0,0.0,0.0,0.0,0.0,0.02118,0.0,0.0,0.0,0.0,0.0,0.0,0.0,0.0,0.0,0.0,0.21717,0.0,0.01875,0.0,0.0,0.0,0.0,0.03164,0.03118,0.0,0.0,0.0,0.0,0.13609,0.0,0.0,0.0,0.0,0.03042,0.0
"Faecalibacterium_prausnitzii",4.89764,12.288499999999999,10.76871,17.24296,9.55185,10.72407,10.89265,5.32336,9.18967,4.6195699999999995,12.35921,21.05533,26.26429,10.70491,7.02777,2.02115,16.09252,12.16267,13.97591,6.93562,13.1543,5.33189,8.00953,0.0,0.0,5.36486,13.22836,3.26167,8.18107,0.0,9.125,0.0,10.04254,5.64394,9.91191,15.63363,11.01271,0.0,20.55563,6.88328,5.1867,10.277660000000001,0.0,10.06678,9.52197,5.15694,9.38586,14.63824
"Ruminococcaceae_bacterium_D16",0.0,0.0,0.0,0.0,0.0,0.04339,0.0,0.0,0.04876,0.0,0.0,0.0,0.0,0.0,0.0,0.0,0.0,0.0,0.0,0.0,0.0,0.0,0.08854,0.0,0.0,0.0,0.0,0.0,0.0,0.0,0.0,0.0,0.14512,0.0,0.0,0.0,0.0,0.0,0.0,0.0,0.0,0.0,0.0,0.0,0.0,0.0,0.0,0.0
"Ruminococcus_albus",0.0,0.0,0.0,0.0,0.0,0.0,0.00048,0.0,0.0,0.0,0.02883,0.0,0.0,0.0,0.0,0.0,0.0,0.0,0.0,0.0,0.00135,0.0,0.00038,0.0,0.0,0.0,0.0,0.0,0.01542,0.0,0.0,0.0,0.0,0.0,0.0,0.0,0.0,0.0,0.0,0.0,0.0,0.0,0.0,0.0,0.0,0.0,0.0,0.0
"Ruminococcus_bromii",0.0,6.08355,1.38608,3.39703,8.47107,0.0,0.00092,0.0,2.79086,0.00159,4.0885,2.69292,1.29362,0.14325,7.22533,0.0,2.36164,5.07451,8.01413,0.0,0.00063,0.80932,2.74353,0.0,0.0,6.10432,0.0,4.99406,0.0,0.0,0.00872,0.0,2.07685,5.30049,0.40015,5.22553,3.69714,0.0,6.94138,2.54339,0.14058,0.0,0.0,0.0,2.45579,0.0,0.0,0.0
"Ruminococcus_callidus",0.0,0.91134,0.11566,0.17784,0.0,0.0,0.0,0.0,0.0,0.0,0.1498,0.04244,0.0,0.0,0.97502,0.03125,0.0,0.0,1.5499800000000001,0.0,1.30338,0.70465,0.0,0.0,0.0,0.1051,0.0,0.0,0.0,0.0,0.6778,0.0,0.00888,0.56054,0.95502,1.00677,0.33984,0.0,0.0,0.0,0.09629,0.0,0.0,0.28356,0.0,0.0,0.0,0.0
"Ruminococcus_lactaris",0.0,1.24514,0.02182,0.0,0.07472,1.49889,0.64587,2.54151,0.0,0.0,0.0,5.38716,0.0,0.0,0.45933,0.01955,0.90118,0.0,0.82485,0.0,1.9409100000000001,0.0,3.89198,0.0,0.0,1.35516,5.7568,0.0,0.0,0.0,0.0,0.0,0.42505,0.0,0.0,1.97703,3.86428,0.0,0.0,0.58276,0.0,0.0,0.0,0.0361,0.0,1.8210199999999999,0.9757,0.0
"Ruminococcus_sp_5_1_39BFAA",1.88744,1.5812,2.44325,0.0,0.0,0.0,0.0,1.7942399999999998,1.49601,3.05554,4.77127,2.36444,0.0,2.5011,4.59752,3.51761,5.33344,3.79393,3.1098,5.77663,4.04157,1.4733399999999999,1.7120600000000001,0.0,0.0,3.8860799999999998,3.56295,0.0,2.9374000000000002,0.0,2.71547,0.0,4.90654,9.54488,0.0,3.70829,3.13675,0.0,7.25593,0.0,1.39252,0.0,0.0,0.0,1.88792,0.0,0.93155,0.0
"Subdoligranulum_unclassified",0.63009,10.10257,2.72596,1.00903,8.93416,3.91162,0.58017,1.31094,2.04632,7.69682,4.51233,0.86059,0.26441,0.07585,8.07496,0.35073,2.72625,0.64833,7.38714,0.31372,1.39463,5.58559,1.89607,0.34481,0.20607,1.07491,2.02124,1.86205,0.27528,0.11733,1.30572,0.0,4.0091,7.45398,7.83171,2.83913,1.66749,0.0,3.14288,0.04675,0.91883,0.04994,0.0,0.67172,0.24524,0.42255,11.51472,3.64742
"Subdoligranulum_variabile",0.0,0.0,0.0,0.0,0.0,0.0,0.0,0.0,0.00284,0.0,0.0,0.0,0.0,0.0,0.0,0.0,0.0,0.0,0.0,0.0,0.0,0.0,0.0,0.0,0.0,0.0,0.0,0.0,0.0,0.0,0.0,0.0,0.0,0.0,0.0,0.0,0.0,0.0,0.0,0.0,0.0,0.0,0.0,0.0,0.0,0.0,0.0,0.0
"Catenibacterium_mitsuokai",0.0,0.0,0.0,0.0,0.0,0.0,0.0,0.0,0.0,0.0,0.0,0.0,0.0,0.0,0.0,0.0,0.0,0.0,0.0,0.0,0.0,0.0,0.0,0.0,0.0,0.0,0.0,0.0,0.0,0.0,0.0,0.0,0.0,0.0,0.0,0.0,0.0,0.0,0.0,0.64219,0.0,0.0,0.0,0.0,0.0,0.0,0.81802,0.0
"Coprobacillus_sp_29_1",0.0,0.0,0.85159,0.0,0.0,0.0,0.0,0.0,0.0,0.0,0.0,0.0,0.0,0.0,0.0,0.0,0.0,0.0,0.0,0.0,0.0,0.0,0.0,0.0,0.0,0.0,0.0,0.0,0.0,0.0,0.0,0.0,0.0,0.0,0.0,0.0,0.0,0.0,0.0,0.0,0.0,0.0,0.0,0.0,0.0,0.0,0.0,0.0
"Coprobacillus_unclassified",0.0,0.0,0.0,0.0,0.0,0.0,0.0,0.0,0.0123,0.0,0.0,0.0,0.0,0.0,0.0,0.0,0.41517,0.0,0.0,1.40565,0.22376,0.16199,0.08475,0.42428,0.51255,0.0,0.02062,0.14977,0.5756,0.0,0.0,0.45909,0.0,0.0,0.0,0.0,0.0,1.40282,0.0732,0.0,0.0,1.9012,0.0,0.0,0.0,0.0,0.0,0.10316
"Clostridium_innocuum",0.0,0.0,0.00842,0.0,0.0,0.0,0.0,0.0,0.0,0.0,0.0,0.0,0.0,0.0,0.0,0.0,0.0,0.0,0.0,0.0,0.0,0.0,0.0,0.0,0.0,0.0,0.0,0.0,0.0,0.0,0.0,0.0,0.0,0.0,0.0,0.0,0.0,0.0,0.0,0.0,0.0,0.0,0.0,0.0,0.0,0.0,0.0,0.0
"Clostridium_ramosum",0.0,0.0,0.0,0.0,0.0,0.0,0.0,0.0,0.0,0.0,0.0,0.0,0.0,0.0,0.0,0.0,0.13553,0.0,0.0,0.41506,0.03132,0.02768,0.01622,0.09719,0.0,0.0,0.0,0.01982,0.18766,0.0,0.0,0.12457,0.0,0.0,0.0,0.0,0.0,1.32324,0.0,0.0,0.0,0.59171,0.0,0.0,0.0,0.0,0.0,0.0
"Erysipelotrichaceae_bacterium_21_3",0.0,0.0,0.0,0.0,0.0,0.0,0.0,0.0,0.0,0.00781,0.00242,0.0,0.0,0.0,0.0,0.0,0.0,0.0,0.0,0.0,0.00225,0.0,0.0,0.0,0.0,0.0,0.0,0.00642,0.0,0.0,0.0,0.0,0.0,0.0,0.0,0.0,0.0,0.0,0.0,0.0,0.0,0.0038,0.0,0.0,0.0,0.0,0.0,0.0
"Erysipelotrichaceae_bacterium_2_2_44A",0.0,0.0,0.00503,0.0,0.0,0.01951,0.00905,0.0,0.0,0.0,0.0,0.0,0.0,0.0,0.0,0.0,0.00709,0.0,0.0,0.01425,0.01712,0.0,0.0,0.0,0.0,0.0,0.0,0.0,0.0,0.0,0.0,0.0,0.0,0.0,0.0,0.0,0.0,0.0,0.0,0.0,0.0,0.00315,0.0,0.0,0.0,0.0,0.0,0.0
"Erysipelotrichaceae_bacterium_3_1_53",0.0,0.0,0.0,0.0,0.0,0.0,0.0,0.0,0.0,0.0,0.0,0.0,0.0,0.0,0.0,0.0,0.0259,0.0,0.0,0.0,0.0,0.0,0.0,0.0,0.0,0.0,0.0,0.0,0.0,0.0,0.0,0.0,0.0,0.0,0.0,0.0,0.0,0.0,0.0,0.0,0.0,0.0,0.0,0.0,0.0,0.0,0.0,0.0
"Erysipelotrichaceae_bacterium_6_1_45",0.0,0.0,0.04717,0.0,0.0,0.0,0.0,0.00116,0.00375,0.05627,0.0,0.00223,0.0,0.0,0.0,0.0,0.0033,0.0,0.0,0.00151,0.01579,0.0,0.0,0.0,0.0,0.00602,0.0,0.00669,0.01693,0.0,0.00785,0.0,0.0,0.01111,0.01165,0.0,0.00123,0.0,0.0,0.0,0.0,0.0,0.0,0.0,0.0,0.0,0.0,0.0
"Eubacterium_biforme",0.0,0.0,0.0,0.0,0.0,0.0,0.0,0.0,0.0,0.0,0.0,0.0,0.0,0.0,0.0,0.0,0.0,0.0,0.0,0.0,0.0,0.0,0.0,0.0,0.0,0.0,0.0,0.0,0.1379,0.0,0.0,0.0,0.0,0.0,0.0,0.0,0.0,0.0,0.0,0.0,0.0,0.0,0.0,0.0,0.0,0.0,0.0,0.0
"Eubacterium_cylindroides",0.0,0.0,0.0,0.0,0.0,0.0,0.0,0.0,0.0,0.0,0.0,0.0,0.0,0.0,0.0,0.0,0.0,0.0,0.0,0.0,0.0,0.0,0.0,0.0,0.0,0.0,0.0,0.0,0.0,0.0,0.0,0.0,0.01473,0.0,0.0,0.0,0.0,0.0,0.0,0.0,0.0,0.0,0.0,0.0,0.0,0.0,0.0,0.0
"Eubacterium_dolichum",0.0,0.0,0.0,0.0,0.0,0.0,0.0,0.0,0.0,0.0,0.0,0.0,0.0,0.03142,0.0,0.0,0.0,0.0,0.0,0.0,0.0,0.0,0.0,0.0,0.0,0.0,0.0,0.0,0.0,0.0,0.0,0.0,0.0,0.0,0.0,0.0,0.0,0.0,0.0,0.0,0.0,0.0,0.0,0.0,0.0,0.0,0.0,0.0
"Holdemania_filiformis",0.0,0.0,0.0,0.0,0.0,0.00758,0.0,0.00075,0.0,0.0,0.0,0.0,0.0,0.0,0.0,0.0,0.0,0.0,0.0,0.0,0.0,0.0,0.00444,0.0,0.0,0.0,0.0,0.00366,0.0,0.0,0.0,0.0,0.0,0.0,0.0,0.0,0.0,0.0,0.0,0.0,0.0,0.0,0.0,0.0,0.0,0.0,0.0,0.0
"Holdemania_unclassified",0.0,0.0,0.00956,0.0,0.0,1.0e-5,0.00649,0.0091,0.0,0.0,0.0,0.0,0.0,0.0,0.0,0.0,0.0065,0.0,0.0,0.0,0.0,0.0,0.00252,0.0,0.0,0.0,0.0,0.01198,0.0,0.0,0.0,0.0,0.0,0.0,0.0,0.0,0.0,0.0,0.0,0.0,0.00172,0.0,0.0,0.0,0.0,0.0,0.0,0.0
"Solobacterium_moorei",0.0,0.0,0.02828,0.0,0.0,0.0,0.0,0.0,0.0,0.0,0.0,0.0,0.0,0.03227,0.0,0.0,0.0,0.0,0.0,0.0,0.0,0.0,0.0,0.0,0.0,0.0,0.0,0.0,0.0,0.0,0.0,0.0,0.0,0.0,0.0,0.0,0.0,0.0,0.0,0.0,0.0,0.0,0.0,0.0,0.0,0.0,0.0,0.0
"Turicibacter_sanguinis",0.0,0.02752,0.00137,0.0,0.0,0.0,0.0,0.0,0.0,0.0,0.0,0.0,0.0,0.0,0.0,0.0,0.0,0.0,0.0,0.0,0.0,0.03211,0.0,0.0,0.0,0.0,0.0,0.0,0.0,0.0,0.0,0.0,0.0,0.0,0.0,0.01735,0.0,0.0,0.0,0.0,0.0,0.0,0.0,0.0,0.0,0.0,0.06593,0.0
"Turicibacter_unclassified",0.0,0.0,0.00078,0.0,0.0,0.0,0.0,0.0,0.0,0.0,0.0,0.0,0.00946,0.0,0.0,0.0,0.0,0.0,0.0,0.0,0.0,0.0,0.0,0.0,0.0,0.0,0.0,0.0,0.0,0.0,0.0,0.0,0.00491,0.0,0.0,0.01447,0.02698,0.0,0.0,0.0,0.0,0.0,0.0,0.0,0.00142,0.06102,0.02631,0.0
"Acidaminococcus_intestini",0.0,0.0,0.0,0.0,0.0,0.0,0.0,0.0,0.0,0.0,0.0,0.0,0.0,0.0,0.0,0.0,0.0,0.0,0.0,0.0,0.0,0.0,0.0,0.0,0.0,0.0,0.0,0.0,0.0,0.0,0.0,0.0,0.0,0.0,0.0,0.0,0.0,0.0,0.0,0.27411,0.0,0.0,0.0,0.0,0.02281,0.0,0.0,0.0
"Acidaminococcus_unclassified",0.0,0.0,0.0,0.0,0.0,0.0,0.0,0.0,0.0,0.0,0.0,0.0,0.0,0.0,0.0,0.0,0.0,0.0,0.0,0.0,0.0,0.0,0.0,0.0,0.0,0.0,0.0,0.0,0.0,0.0,0.0,0.0,0.0,0.0,0.0,0.0,0.0,0.0,0.0,0.25813,0.0,0.0,0.0,0.0,0.0,0.0,0.0,0.0
"Phascolarctobacterium_succinatutens",0.0,0.0,0.0,0.0,0.0,0.0,0.0,0.0,0.0,0.0,0.0,0.0,0.0,0.0,0.0,0.0,0.0,0.0,0.0,0.0,0.0,0.0,0.0,0.0,0.0,0.0,0.0,0.0,0.0,0.0,0.0,0.0,0.0,0.0,0.0,0.0,0.0,0.0,0.0,0.0,0.98995,0.0,0.0,0.0,0.0,0.3481,0.0,0.0
"Dialister_invisus",0.0,2.44663,0.0,0.0,0.0,0.0,0.45537,1.12508,0.0,0.0,1.38586,0.0,0.45565,0.19604,1.88717,0.0,0.0,0.62055,2.34185,0.0,0.6063,0.0,2.1622500000000002,0.0,0.0,0.2095,1.54149,1.54895,0.5102,0.0,0.0,0.0,0.50626,0.0,0.0,2.20325,1.75374,0.0,3.5704599999999997,3.49693,0.0,0.0,0.0,0.0,0.3841,0.0,0.0,0.0
"Dialister_micraerophilus",0.0,0.0,0.00259,0.0,0.0,0.0,0.0,0.0,0.0,0.0,0.0,0.0,0.0,0.0,0.0,0.0,0.0,0.0,0.0,0.0,0.0,0.0,0.0,0.0,0.0,0.0,0.0,0.0,0.0,0.0,0.0,0.0,0.0,0.0,0.0,0.0,0.0,0.0,0.0,0.0,0.0,0.0,0.0,0.0,0.0,0.0,0.0,0.0
"Megamonas_funiformis",1.12084,0.0,0.0,0.0,0.0,0.0,0.0,0.0,0.0,0.0,0.0,0.0,0.0,0.0,0.0,0.0,0.0,0.0,0.0,0.0,0.0,0.0,1.74332,0.0,0.0,0.0971,0.0,0.0,0.0,0.0,0.0,0.0,0.0,0.0,0.0,0.0,0.0,0.0,0.0,4.53444,0.0,0.0,0.0,0.0,0.0,0.0,0.12062,0.0
"Megamonas_hypermegale",5.5269,0.0,0.0,0.0,0.0,0.0,0.0,0.0,0.0,0.0,0.0,0.0,0.0,0.0,0.0,0.0,0.0,0.0,0.0,0.0,3.08667,0.0,0.36642,0.0,0.0,0.00632,0.0,0.0,0.0,0.0,0.0,0.0,0.0,0.0,0.0,0.0,0.0,0.0,0.0,1.7619799999999999,0.0,0.0,0.0,0.0,0.0,0.0,0.11785,0.0
"Megamonas_rupellensis",0.14071,0.0,0.0,0.0,0.0,0.0,0.0,0.0,0.0,0.0,0.0,0.0,0.0,0.0,0.0,0.0,0.0,0.0,0.0,0.0,0.16708,0.0,1.33523,0.0,0.0,0.0,0.0,0.0,0.0,0.0,0.0,0.0,0.0,0.0,0.0,0.0,0.0,0.0,0.0,2.03053,0.0,0.0,0.0,0.0,0.0,0.0,0.03135,0.0
"Megamonas_unclassified",9.43487,0.0,0.0,0.0,0.0,0.0,0.0,0.0,0.0,0.0,0.0,0.0,0.0,0.0,0.0,0.0,0.0,0.0,0.0,0.0,4.85314,0.0,10.90646,0.0,0.0,0.04712,0.0,0.0,0.0,0.0,0.0,0.0,0.0,0.0,0.0,0.0,0.0,0.0,0.0,10.62657,0.0,0.0,0.0,0.0,0.0,0.0,0.38092,0.0
"Megasphaera_micronuciformis",0.0,0.0,0.0,0.0,0.0,0.0,0.0,0.0,0.0,0.0,0.0,0.0,0.0,0.03294,0.0,0.0,0.0,0.0,0.0,0.0,0.0,0.0,0.0,0.0,0.0,0.0,0.0,0.0,0.05435,0.02568,0.0,0.0,0.0,0.0,0.0,0.0,0.0,0.0,0.0,0.0,0.0,0.0,0.0,0.0,0.0,0.0,0.0,0.05976
"Megasphaera_unclassified",0.0,0.0,0.0,0.0,0.0,0.0,0.0,0.0,0.0,0.0,0.05054,0.0,0.0,0.0,0.0,0.0,0.0,0.0,0.0,0.0,0.0,0.0,0.0,0.0,0.0,0.0,0.0,0.0,0.0,0.0,0.0,0.0,0.0,0.0,0.0,0.0,0.0,0.0,0.0,0.0,0.0,0.0,0.0,0.0,0.61458,0.0,0.0,0.06587
"Mitsuokella_multacida",0.0,0.0,0.0,0.0,0.0,0.0,0.0,0.0,0.0,0.0,0.0,0.0,0.0,0.0,0.0,0.0,0.0,0.04937,0.0,0.0,0.0,0.0,0.0,0.0,0.0,0.0,0.0,0.0,0.0,0.0,0.0,0.0,0.0,0.0,0.0,0.0,0.0,0.0,0.0,0.0,0.0,0.0,0.0,0.0,0.0,0.0,0.0,0.0
"Mitsuokella_unclassified",0.01801,0.0,0.00771,0.0,0.0,0.0,0.02461,0.0,0.0,0.0,0.0,0.0,0.0,0.0,0.0,0.0,0.0,0.09483,0.0,0.0,0.0,0.0,0.0,0.0,0.0,0.0,0.0,0.0,0.04045,0.0,0.03317,0.0,0.0,0.0,0.0,0.02109,0.0,0.0,0.0,0.0,0.0,0.0,0.0,0.0,0.0,0.0,0.04682,0.0478
"Veillonella_atypica",0.0,0.0,0.00264,0.1839,0.0,0.0,0.0,0.0,0.0,0.0,0.0094,0.0249,0.0,0.29898,0.0,0.0,0.0,0.03376,0.0,0.00549,0.0,0.02377,0.00298,0.0246,4.71168,0.0,0.0,0.0054,0.33407,0.27422,0.0,0.0,0.02128,0.0,0.00489,0.0,0.0,0.0,0.0,0.0,0.0,1.69748,0.0,0.10305,0.0,0.0,0.0,0.57551
"Veillonella_dispar",0.0,0.0,0.0,0.0,0.0,0.0,0.0,0.0,0.0,0.0,0.0093,0.00724,0.0,0.03636,0.0,0.0,0.0,0.0,0.0,0.0867,0.0,0.02777,0.0,0.2919,0.0,0.0,0.0,0.03161,0.76253,0.23177,0.0,0.0,0.0,0.0,0.00518,0.0,0.0,0.0,0.0,0.0,0.0,0.01313,0.0,0.08389,0.0,0.0,0.0,0.23059
"Veillonella_parvula",0.0,0.08927,0.00193,0.04605,0.03977,0.11151,0.0,0.00526,0.00049,0.0,0.11342,0.25117,0.0,0.44924,0.0,0.01253,0.0,0.00077,0.0,0.12511,0.0,0.09844,0.0,0.0,0.32945,0.01312,0.01212,0.01864,0.13293,30.24307,0.01228,0.24397,0.06209,0.0,0.018,0.00442,0.0,0.0,0.0,0.0,0.0,0.75387,1.00097,0.09935,0.06358,0.0,0.0,0.5228
"Veillonella_unclassified",0.0,0.05389,0.02982,0.27319,0.06494,0.08311,0.0,0.03146,0.02646,0.00081,0.12762,0.22479,0.07558,0.11445,0.0,0.01471,0.0,0.04722,0.03023,0.30634,0.03087,0.14733,0.03796,0.86941,15.0913,0.11758,0.32827,0.15987,1.6525699999999999,0.0,0.01541,1.1237,0.08565,0.0,0.17337,0.06715,0.0,0.0,0.0,0.05507,0.0,1.31514,0.07128,0.249,0.03991,0.0,0.0,0.33039
"Fusobacterium_gonidiaformans",0.0,0.0,0.26643,0.0,0.0,0.0,0.0,0.0,0.0,0.0,0.0,0.0,0.0,0.0,0.0,0.0,0.0,0.0,0.0,0.0,0.0,0.0,0.0,0.0,0.0,0.0,0.0,0.0,0.0,0.0,0.0,0.0,0.0,0.0,0.0,0.0,0.0,0.0,0.0,0.0,0.0,0.0,0.0,0.0,0.0,0.0,0.0,0.0
"Fusobacterium_nucleatum",0.0,0.0,0.0,0.0,0.0,0.0,0.0,0.0,0.0,0.0,0.0,0.0,0.0,0.0,0.0,0.0,0.0,0.0,0.0,0.0,0.0,0.0,0.0,0.0,0.0,0.0,0.0,0.0,0.0,0.00426,0.0,0.0,0.0,0.0,0.0,0.0,0.0,0.0,0.0,0.0,0.0,0.0,0.0,0.0,0.0,0.0,0.0,0.0
"Fusobacterium_periodonticum",0.0,0.0,0.0,0.0,0.0,0.0,0.0,0.0,0.0,0.0,0.0,0.0,0.0,0.0,0.0,0.0,0.0,0.0,0.0,0.0,0.0,0.0,0.0,0.0,0.0,0.0,0.0,0.0,0.0,0.12613,0.0,0.0,0.0,0.0,0.0,0.0,0.0,0.0,0.0,0.0,0.0,0.0,0.0,0.0,0.0,0.0,0.0,0.0
"Rhodospirillum_unclassified",0.0,0.0,0.0,0.0,0.0,0.0,0.0,0.0,0.01959,0.0,0.0,0.0,0.0,0.0,0.0,0.0,0.0,0.0,0.0,0.0,0.0,0.0,0.0,0.0,0.0,0.0,0.0,0.0,0.0,0.0,0.0,0.0,0.0,0.0,0.0,0.0,0.0,0.0,0.0,0.0,0.0,0.0,0.0,0.0,0.0,0.0,0.0,0.0
"Burkholderia_unclassified",0.0,0.0,0.0,0.0,0.0,0.0,0.0,0.0,0.0,0.0,0.0,0.0,0.0,0.0,0.0,0.0,0.0,0.0,0.0,0.0,0.0,0.0,0.02009,0.0,0.0,0.0,0.0,0.0,0.0,0.0,0.0,0.0,0.0,0.0,0.0,0.0,0.0,0.0,0.0,0.0,0.0,0.0,0.0,0.0,0.0,0.0,0.0,0.0
"Burkholderiales_bacterium_1_1_47",0.0,0.0,0.04869,0.0,0.11024,0.0,0.0,0.00048,0.0366,0.03604,0.05956,0.0,0.1597,0.0,0.01038,0.0,0.13166,0.0,0.0,0.0,0.0,0.0,0.0,0.0,0.0,0.0,0.0,0.0,0.0,0.0,0.11064,0.0,0.0,0.11837,0.03157,0.23859,0.0,0.0,0.04722,0.0,0.0,0.0,0.0,0.0,0.41003,0.0,0.0,0.0
"Oxalobacter_formigenes",0.0,0.0,0.0,0.0,0.0,0.0,0.0,0.00305,0.0,0.0548,0.0,0.0,0.0,0.0,0.0,0.0,0.0,0.0,0.0,0.0,0.0,0.0,0.0,0.0,0.0,0.0,0.0,0.0,0.0,0.0,0.0,0.0,0.0,0.0,0.0,0.0,0.0,0.0,0.0,0.0,0.0,0.0,0.0,0.0,0.0,0.0,0.0,0.0
"Parasutterella_excrementihominis",0.0,0.0,0.00701,0.06421,0.06252,0.0,0.0,0.01836,0.04497,0.12742,0.16198,0.0,0.1743,0.0,0.01332,0.0,0.02334,0.0,0.0,0.0,0.0,0.17314,0.0,0.0,0.0,0.0,0.0,0.0,0.0,0.0,0.00661,0.0,0.0,0.05346,0.0055,0.16373,0.0,0.0,0.0,0.0,0.0,0.0,0.0,0.0,0.00776,0.0,0.00824,0.0
"Sutterella_wadsworthensis",1.16926,0.0,0.0,0.0,0.0,1.05801,1.38606,0.0,0.0,0.0,0.0,1.66745,0.0,0.0,0.0,0.31579,0.0,0.59428,0.89586,0.0,0.63288,0.0,1.48114,0.0,0.0,1.26013,0.0,0.0,0.0,0.0,0.0,0.0,0.0,0.0,0.0,0.0,0.0,0.0,0.0,0.0,1.35988,0.0,0.0,0.61558,0.0,0.0,1.58779,0.99435
"Bilophila_unclassified",0.04259,0.04349,0.15469,0.0,0.06062,0.05979,0.08845,0.14316,0.04157,0.13358,0.11589,0.0,0.01512,0.0,0.09277,0.12696,0.0,0.01941,0.12456,0.0,0.07642,0.02403,0.17323,0.0,0.0,0.0,0.0,0.0,0.18788,0.0,0.1608,0.0,0.0,0.32889,0.03534,0.0,0.0,0.0,0.07617,0.0,0.12823,0.07178,0.0,0.009,0.0,0.0,0.25659,0.12412
"Bilophila_wadsworthia",0.0,0.0,0.0027,0.0,0.0,0.0,0.0,0.0,0.0,0.0,0.0,0.0,0.0,0.0,0.0,0.0,0.0,0.0,0.0,0.0,0.0,0.0,0.0,0.0,0.0,0.0,0.0,0.0,0.0,0.0,0.0,0.0,0.0,0.0,0.0,0.0,0.0,0.0,0.0,0.0,0.0,0.0,0.0,0.0,0.0,0.0,0.01305,0.0
"Desulfovibrio_desulfuricans",0.0,0.0,0.0,0.0,0.0,0.0,0.0,0.0,0.0,0.04436,0.0,0.0,0.0,0.0,0.02667,0.0,0.0,0.0,0.0,0.0,0.0,0.081,0.0,0.0,0.0,0.0,0.0,0.0,0.0,0.0,0.0,0.0,0.0,0.0,0.0,0.0,0.0,0.0,0.0,0.0,0.0,0.0,0.0,0.0,0.0,0.0,0.0,0.0
"Desulfovibrio_piger",0.0,0.0,0.0,0.0,0.0,0.0,0.0,0.0,0.0,0.0,0.0,0.0,0.0,0.0,0.0,0.0,0.0,0.0,0.0,0.0,0.0,0.0,0.0,0.0,0.0,0.0,0.0,0.0,0.0,0.0,0.0,0.0,0.0,0.0,0.0,0.0,0.0,0.0,0.0,0.0,0.0,0.0,0.0,0.0,0.0,0.0308,0.0,0.0
"Campylobacter_concisus",0.0,0.0,0.0,0.0,0.0,0.0,0.0,0.0,0.0,0.0,0.0,0.0,0.0,0.0,0.0,0.0,0.0,0.0,0.0,0.0,0.0,0.0,0.0,0.0,0.0,0.0,0.0,0.0,0.0,0.00082,0.0,0.0,0.0,0.0,0.0,0.0,0.0,0.0,0.0,0.0,0.0,0.0,0.0,0.0,0.0,0.0,0.0,0.0
"Campylobacter_curvus",0.0,0.0,0.0,0.0,0.0,0.0,0.0,0.0,0.0,0.0,0.0,0.0,0.0,0.0,0.0,0.0,0.0,0.0,0.0,0.0,0.0,0.0,0.0,0.0,0.0,0.0,0.0,0.0,0.0,0.0086,0.0,0.0,0.0,0.0,0.0,0.0,0.0,0.0,0.0,0.0,0.0,0.0,0.0,0.0,0.0,0.0,0.0,0.0
"Citrobacter_freundii",0.0,0.0,0.0,0.0,0.0,0.0,0.0,0.0,0.0,0.0,0.0,0.0,0.0,0.0,0.0,0.0,0.0,0.0,0.0,0.0,0.0,0.0,0.0,0.0,0.0,0.0,0.0,0.0,0.0,0.27982,0.0,0.0,0.0,0.0,0.0,0.0,0.0,0.0,0.0,0.0,0.0,0.0,0.0,0.0,0.0,0.0,0.0,0.0
"Citrobacter_unclassified",0.0,0.0,0.0,0.0,0.0,0.0,0.0,0.0,0.0,0.0,0.0,0.0,0.0,0.0,0.0,0.0,0.0,0.0,0.0,0.0,0.0,0.0,0.0,0.0,0.0,0.0,0.0,0.0,0.0,0.19263,0.0,0.0,0.0,0.0,0.0,0.0,0.0,0.0,0.0,0.0,0.0,0.0,0.0,0.0,0.0,0.0,0.0,0.0
"Enterobacter_cloacae",0.0,0.0,0.0,0.0,0.0,0.0,0.0,0.10359,0.01534,0.0,0.0,0.0,0.0,0.0,0.0,0.0,0.0,0.0,0.0,0.0,0.0,0.0,0.0,0.0,0.0,0.38309,0.0,0.01077,0.0,1.54098,0.0,0.0,0.0,0.0,0.0,0.0,0.0,0.0,0.0,0.0,0.0,0.0,0.0,0.0,0.0,0.0,0.0,0.0
"Escherichia_coli",0.0,0.08246,1.27432,0.0,0.0,0.07292,0.0,0.0,0.0,0.0,0.0,0.0,0.17622,0.07269,0.0,0.24439,0.05396,0.0,0.0,0.0,0.0,0.19845,0.0,0.0,1.25852,0.0,0.0,0.0948,0.07877,6.21704,0.0,3.02179,2.23432,0.32071,0.0,0.0,0.0,14.6931,0.0,0.03658,0.0,0.0131,2.48376,0.05731,0.0,0.0,0.0,0.0
"Escherichia_unclassified",0.0,0.0,0.0,0.0,0.0,0.0,0.0,0.0,0.02923,0.02741,0.0,0.0,0.14858,0.0611,0.0,0.0,0.03217,0.0,0.01853,0.0,0.01073,0.20795,0.0,0.0,0.34303,0.11044,0.0,0.13034,0.18134,2.17585,0.0,0.0,1.06078,0.00382,0.12461,0.0,0.0,2.2356,0.11087,0.17985,0.0,0.03094,0.0,0.03155,0.0,0.0,0.06021,0.0
"Klebsiella_oxytoca",0.0,0.0,0.0,0.0,0.0,0.0,0.0,0.0,0.0,0.0,0.0,0.0,0.0,0.0,0.0,0.0,0.0,0.0,0.0,0.0,0.0,0.0,0.0,0.0,0.0,0.0,0.0,0.0,0.84548,0.0,0.0,0.0,0.0,0.0,0.0,0.0,0.0,0.0,0.0,0.0,0.0,0.0,0.0,0.0,0.0,0.0,0.0,0.0
"Klebsiella_pneumoniae",0.0,0.0,0.0,0.0,0.0,0.0,0.0,0.0,0.0,0.0,0.0,0.0,0.0,0.0,0.0,0.0,0.0,0.0,0.0,0.0,0.0,0.0,0.0,0.0,0.0,0.0,0.0,0.0,0.0,4.12225,0.0,0.0,0.0,0.0,0.0,0.0,0.0,0.0,0.0,0.0,0.0,0.0,0.0,0.0,0.0,0.0,0.0,0.0
"Klebsiella_unclassified",0.0,0.0,0.0,0.0,0.0,0.0,0.0,0.0,0.0,0.0,0.0,0.0,0.0,0.0,0.0,0.0,0.0,0.0,0.0,0.0,0.0,0.0,0.0,0.0,0.0,0.0,0.0,0.0,0.03874,4.24757,0.0,0.03121,0.0,0.0,0.0,0.0,0.0,0.0,0.0,0.0,0.0,0.0,0.0,0.0,0.0,0.0,0.0,0.0
"Pantoea_unclassified",0.0,0.0,0.0,0.0,0.0,0.0,0.0,0.0,0.0,0.0,0.0,0.0,0.0,0.0,0.0,0.0,0.0,0.0,0.0,0.0,0.0,0.0,0.0,0.0,0.0,0.0,0.0,0.0,0.0,0.05003,0.0,0.0,0.0,0.0,0.0,0.0,0.0,0.0,0.0,0.0,0.0,0.0,0.0,0.0,0.0,0.0,0.0,0.0
"Plesiomonas_shigelloides",0.0,0.0,0.0,0.0,0.0,0.0,0.0,0.0,0.0,0.0,0.0,0.0,0.0,0.0,0.0,0.0,0.0,0.0,0.0,0.0,0.0,0.0,0.0,0.0,0.0,0.0,0.0,0.0,0.0,0.0,0.0,0.0,0.0,0.0,0.0,0.0,0.0,0.0,0.0,0.01621,0.0,0.0,0.0,0.0,0.0,0.0,0.0,0.0
"Proteus_mirabilis",0.0,0.0,0.0,0.0,0.0,0.0,0.0,0.0,0.0,0.0,0.0,0.0,0.0,0.0,0.0,0.0,0.0,0.0,0.0,0.0,0.0,0.0,0.0,0.0,0.0,0.0,0.0,0.0,0.0,0.08301,0.0,0.0,0.0,0.0,0.0,0.0,0.0,0.0,0.0,0.0,0.0,0.0,0.0,0.0,0.0,0.0,0.0,0.0
"Serratia_marcescens",0.0,0.0,0.0,0.0,0.0,0.0,0.0,0.0,0.0,0.0,0.0,0.0,0.0,0.0,0.0,0.0,0.0,0.0,0.0,0.0,0.0,0.0,0.0,0.0,0.0,0.0,0.0,0.0,0.01329,0.0,0.0,0.0,0.0,0.0,0.0,0.0,0.0,0.0,0.0,0.0,0.0,0.0,0.0,0.0,0.0,0.0,0.0,0.0
"Haemophilus_haemolyticus",0.0,0.0,0.0,0.0,0.0,0.0,0.0,0.0,0.0,0.0,0.0,0.0,0.0,0.0,0.0,0.0,0.0,0.0,0.0,0.0,0.0,0.0,0.0,0.0,0.0,0.0,0.0,0.0,0.0,0.0,0.0,0.0,0.0,0.0,0.0,0.0,0.0,0.0,0.0,0.0,0.0,0.0,0.0069,0.0,0.0,0.0,0.0,0.0
"Haemophilus_parainfluenzae",0.0,0.00693,0.0,0.5036,0.0,0.0,0.0,0.14895,0.01079,0.0,0.06352,1.2483,0.0,0.14919,0.0,0.0,0.1119,0.00199,0.01015,0.15518,0.00271,0.09963,0.0,0.0,0.01556,0.0,1.62393,0.6834,0.49761,0.09442,0.03231,0.0,0.0,0.00428,0.0775,0.0,0.0,0.0,0.01891,0.23414,0.0,0.0,0.0,0.0,0.0,0.0,0.0,0.0
"Haemophilus_sputorum",0.0,0.0,0.0,0.0,0.0,0.0,0.0,0.0,0.0,0.0,0.0,0.0,0.0,0.0,0.0,0.0,0.0,0.0,0.0,0.0,0.0,0.0,0.0,0.0,0.0,0.0,0.0,0.0,0.02664,0.0,0.0,0.0,0.0,0.0,0.0,0.0,0.0,0.0,0.0,0.0,0.0,0.0,0.0,0.0,0.0,0.0,0.0,0.0
"Enhydrobacter_aerosaccus",0.0,0.0,0.0,0.0,0.0,0.0,0.0,0.0,0.0,0.0,0.0,0.0,0.0,0.0,0.0,0.0,0.0,0.0,0.0,0.0,0.0,0.0,0.0,0.0,0.0,0.0,0.0,0.0,0.0,0.00234,0.0,0.0,0.0,0.0,0.0,0.0,0.0,0.0,0.0,0.0,0.0,0.0,0.0,0.0,0.0,0.0,0.0,0.0
"Pseudomonas_unclassified",0.0,0.0,0.0,0.0,0.0,0.0,0.0,0.0,0.0,0.0,0.0,0.0,0.0,0.0,0.0,0.0,0.0,0.0,0.0,0.0,0.07706,0.0,0.0,0.0,0.0,0.0,0.0,0.0,0.0,0.0,0.0,0.0,0.0,0.0,0.0,0.0,0.0,0.0,0.0,0.0,0.0,0.0,0.0,0.0,0.0,0.0,0.0,0.0
"Akkermansia_muciniphila",0.01271,0.12372,0.0,0.00393,0.0,0.21561,1.05761,0.14045,0.81429,3.52051,0.02666,0.17225,0.0,0.0,0.0,0.0,0.0,0.46707,0.57663,5.32494,0.39151,0.14259,0.03071,0.0,0.0,0.19251,0.05578,0.05151,0.0,0.0,0.05941,0.00158,0.07808,0.11666,0.0,6.66152,1.84171,0.0,0.0,0.0,0.00345,1.00614,0.85787,0.09051,0.0,0.0,0.88105,0.0
"Saccharomyces_cerevisiae",0.0,0.0,0.0,0.0,0.0,0.04656,0.0,0.0,0.0,0.0,0.0,0.0,0.0,0.0,0.0,0.00478,0.0,0.0,0.0,0.0,0.0,0.0,0.0,0.0,0.0,0.0,0.0,0.0,0.0,0.0,0.0,0.0,0.0,0.0,0.0,0.0,0.0,0.0,0.0,0.0,0.0,0.0,0.0,0.0,0.0,0.0,0.0,0.0
"PhiCD119likevirus_unclassified",0.0,0.0,0.0,0.0,0.0,0.0,0.0,0.0,0.0,0.0,0.0,0.0,0.0,0.0,0.0,0.0,0.0,0.0,0.0,0.0,0.0,0.0,0.0,0.0,0.00921,0.0,0.0,0.0,0.0,0.0,0.0,0.0,0.0,0.0,0.0,0.0,0.0,0.0,0.0,0.0,0.0,0.0,0.03177,0.0,0.0,0.0,0.0,0.0
"C2likevirus_unclassified",0.0,0.0,0.0,0.1122,0.0,0.0,0.0,0.0,0.0,0.01958,0.0,0.0,0.26775,0.0,0.0,0.0,0.0,0.0,0.94967,0.0,0.0,0.10932,0.0,0.0,0.0,0.0,0.0,0.0,0.0,0.0,0.0,0.0,0.01121,0.0,0.00636,0.0,0.0,0.0,0.0,1.20771,0.0,0.0,0.0,0.0,0.0,0.0,0.0,0.0
"Stx2_converting_phage_1717",0.0,0.0,0.0,0.0,0.0,0.0,0.0,0.0,0.0,0.0,0.0,0.0,0.0,0.0,0.0,0.0,0.0,0.0,0.0,0.0,0.0,0.0,0.0,0.0,0.0,0.0,0.0,0.0,0.0,0.0,0.0,0.0,0.0,0.0,0.0,0.0,0.0,0.0,0.0,0.0,0.0,0.0,0.0,0.23256,0.0,0.0,0.0,0.0
"Mycobacterium_phage_DNAIII",0.0,0.0,0.0,0.0,0.0,0.0,0.0,0.0,0.0,0.0,0.0,0.0,0.0,0.0,0.0,0.0,0.0,0.0,0.0,0.0,0.0,0.0,0.0,0.0,0.0,0.0,0.0,0.0,0.0,0.0,0.0,0.0,0.0,0.0,0.0,0.0,0.0,0.0,0.0,0.0,0.0,0.0,0.0,0.0,0.0,0.53969,0.0,0.0
"Staphylococcus_phage_PVL",0.0,0.0,0.0,0.0,0.0,0.0,0.0,0.0,0.0,0.0,0.0,0.0,0.0,0.0,0.0,0.0,0.19787,0.0,0.0,0.0,0.0,0.0,0.0,0.0,0.0,0.0,0.0,0.0,0.0,0.0,0.0,0.0,0.0,0.0,0.0,0.0,0.0,0.0,0.0,0.0,0.0,0.0,0.0,0.0,0.0,0.0,0.0,0.0
"Rhinovirus_A",0.0,0.0,0.0,0.0,0.0,0.0,0.0,0.0,0.0,0.0,0.0,0.0,0.0,0.0,0.0,0.0,0.0,0.0,0.0,0.0,0.0,0.0,0.0,0.0,0.0,0.0,0.0,0.0,0.0,0.0,0.0,0.0,0.0,0.0,0.0,0.0,0.0,0.0,0.0,0.0,0.0,0.0,0.0,0.0,0.0,0.04063,0.0,0.0
"Turkey_gallivirus",0.0,0.0,0.0,0.0,0.0,0.0,0.0,0.0,0.0,0.0,0.0,0.0,0.0,0.0,0.0,0.0,0.0,0.0,0.0,0.0,0.0,0.0,0.0,0.0,0.0,0.0,0.0,0.0,0.0,0.0,0.0,0.0,0.0,0.0,0.0,0.0,0.0,0.0,0.0,0.0,0.0,0.0,0.0,0.0,0.0,0.03554,0.0,0.0
"Louping_ill_virus",0.0,0.0,0.0,0.0,0.0,0.0,0.0,0.0,0.0,0.0,0.0,0.0,0.0,0.0,0.0,0.0,0.0,0.0,0.0,0.0,0.0,0.0,0.0,0.0,0.0,0.0,0.0,0.0,0.0,0.0,0.0,0.0,0.0,0.0,0.0,0.0,0.0,0.0,0.0,0.0,0.0,0.0,0.0,0.0,0.0,0.02576,0.0,0.0
"Cassava_brown_streak_virus",0.0,0.0,0.0,0.0,0.0,0.0,0.0,0.0,0.0,0.0,0.0,0.0,0.0,0.0,0.0,0.0,0.0,0.0,0.0,0.0,0.0,0.0,0.0,0.0,0.0,0.0,0.0,0.0,0.0,0.0,0.0,0.0,0.0,0.0,0.0,0.0,0.0,0.0,0.0,0.0,0.0,0.0,0.0,0.0,0.0,0.0302,0.0,0.0
"Dasheen_mosaic_virus",0.0,0.0,0.00373,0.0,0.0,0.0,0.0,0.0,0.0,0.0,0.0,0.0,0.0,0.0,0.0,0.0,0.0,0.0,0.0,0.0,0.0,0.0,0.0,0.0,0.0,0.0,0.0,0.0,0.0,0.0,0.0,0.0,0.0,0.0,0.0,0.0,0.0,0.0,0.0,0.0,0.0,0.0,0.0,0.0,0.0,0.0,0.0,0.0
"Phlebiopsis_gigantea_mycovirus_dsRNA_1",0.0,0.0,0.0,0.0,0.0,0.0,0.0,0.0,0.0,0.0,0.0,0.0,0.0,0.0,0.0,0.0,0.0,0.0,0.0,0.0,0.0,0.0,0.0,0.0,0.0,0.0,0.0,0.0,0.0,0.0,0.0,0.0,0.0,0.0,0.0,0.0,0.0,0.0,0.0,0.0,0.0,0.0,0.0,0.0,0.0,0.06217,0.0,0.0
