,Unnamed: 0,Blon_2331,Blon_2332,Blon_2333,Blon_2334,Blon_2335,Blon_2336,Blon_2337,Blon_2338,Blon_2339,Blon_2340,Blon_2341,Blon_2342,Blon_2343,Blon_2345,Blon_2345.1,Blon_2346,Blon_2347,Blon_2348,Blon_2349,Blon_2350,Blon_2351,Blon_2352,Blon_2353,Blon_2354,Blon_2355,Blon_2356,Blon_2357,Blon_2358,Blon_2359,Blon_2360,Blon_2361
0,blongum_GCF_003471355.1_ASM347135v1,-7.3290937210065925,-25.328436022934504,-25.328436022934504,-8.030084063547564,-25.328436022934504,-25.328436022934504,-25.328436022934504,-25.328436022934504,-25.328436022934504,-25.328436022934504,-25.328436022934504,-25.328436022934504,-25.328436022934504,-25.328436022934504,-25.328436022934504,-25.328436022934504,-25.328436022934504,-25.328436022934504,-25.328436022934504,-25.328436022934504,-25.328436022934504,-25.328436022934504,-25.328436022934504,-25.328436022934504,-25.328436022934504,-25.328436022934504,-25.328436022934504,-25.328436022934504,-25.328436022934504,-25.328436022934504,-25.328436022934504
1,blongum_GCF_003468265.1_ASM346826v1,-7.3290937210065925,-25.328436022934504,-25.328436022934504,-8.030084063547564,-25.328436022934504,-25.328436022934504,-25.328436022934504,-25.328436022934504,-25.328436022934504,-25.328436022934504,-25.328436022934504,-25.328436022934504,-25.328436022934504,-25.328436022934504,-25.328436022934504,-25.328436022934504,-25.328436022934504,-25.328436022934504,-25.328436022934504,-25.328436022934504,-25.328436022934504,-25.328436022934504,-25.328436022934504,-25.328436022934504,-25.328436022934504,-25.328436022934504,-25.328436022934504,-25.328436022934504,-25.328436022934504,-25.328436022934504,-25.328436022934504
2,blongum_GCF_002833135.1_ASM283313v1,-7.3290937210065925,-25.328436022934504,-6.5191472811603965,-8.030084063547564,-25.328436022934504,-25.328436022934504,-25.328436022934504,-25.328436022934504,-25.328436022934504,-25.328436022934504,-25.328436022934504,-25.328436022934504,-25.328436022934504,-25.328436022934504,-25.328436022934504,-25.328436022934504,-25.328436022934504,-25.328436022934504,-25.328436022934504,-25.328436022934504,-25.328436022934504,-25.328436022934504,-25.328436022934504,-25.328436022934504,-25.328436022934504,-25.328436022934504,-25.328436022934504,-25.328436022934504,-25.328436022934504,-25.328436022934504,-25.328436022934504
3,blongum_GCF_003094955.1_ASM309495v1,-7.3290937210065925,-25.328436022934504,-7.2122944549403405,-7.336936898347617,-25.328436022934504,-25.328436022934504,-25.328436022934504,-25.328436022934504,-25.328436022934504,-25.328436022934504,-25.328436022934504,-25.328436022934504,-25.328436022934504,-25.328436022934504,-25.328436022934504,-25.328436022934504,-25.328436022934504,-25.328436022934504,-25.328436022934504,-25.328436022934504,-25.328436022934504,-25.328436022934504,-25.328436022934504,-25.328436022934504,-25.328436022934504,-25.328436022934504,-25.328436022934504,-25.328436022934504,-25.328436022934504,-25.328436022934504,-25.328436022934504
4,blongum_GCF_003475025.1_ASM347502v1,-7.3290937210065925,-25.328436022934504,-6.5191472811603965,-8.030084063547564,-25.328436022934504,-25.328436022934504,-25.328436022934504,-25.328436022934504,-25.328436022934504,-25.328436022934504,-25.328436022934504,-25.328436022934504,-25.328436022934504,-25.328436022934504,-25.328436022934504,-25.328436022934504,-25.328436022934504,-25.328436022934504,-25.328436022934504,-25.328436022934504,-25.328436022934504,-25.328436022934504,-25.328436022934504,-25.328436022934504,-25.328436022934504,-25.328436022934504,-25.328436022934504,-25.328436022934504,-25.328436022934504,-25.328436022934504,-25.328436022934504
5,blongum_GCF_001719085.1_ASM171908v1,-7.3290937210065925,-25.328436022934504,-6.5191472811603965,-8.030084063547564,-25.328436022934504,-25.328436022934504,-25.328436022934504,-25.328436022934504,-25.328436022934504,-25.328436022934504,-25.328436022934504,-25.328436022934504,-25.328436022934504,-25.328436022934504,-25.328436022934504,-25.328436022934504,-25.328436022934504,-25.328436022934504,-25.328436022934504,-25.328436022934504,-25.328436022934504,-25.328436022934504,-25.328436022934504,-25.328436022934504,-25.328436022934504,-25.328436022934504,-25.328436022934504,-25.328436022934504,-25.328436022934504,-25.328436022934504,-25.328436022934504
6,blongum_GCF_003438485.1_ASM343848v1,-7.3290937210065925,-25.328436022934504,-6.113682175312232,-8.030084063547564,-25.328436022934504,-25.328436022934504,-25.328436022934504,-25.328436022934504,-25.328436022934504,-25.328436022934504,-25.328436022934504,-25.328436022934504,-25.328436022934504,-25.328436022934504,-25.328436022934504,-25.328436022934504,-25.328436022934504,-25.328436022934504,-25.328436022934504,-25.328436022934504,-25.328436022934504,-25.328436022934504,-25.328436022934504,-25.328436022934504,-25.328436022934504,-25.328436022934504,-25.328436022934504,-25.328436022934504,-25.328436022934504,-25.328436022934504,-25.328436022934504
7,blongum_GCF_900157085.1_Bifido_04_v1,-7.3290937210065925,-7.334981863541813,-25.328436022934504,-8.030084063547564,-7.761744961168913,-7.270312871709025,-6.082218905996447,-6.799055853088796,-6.674561383894425,-5.54361371994738,-6.492239828420472,-6.17690622642318,-6.16751648611834,-7.3733742939800475,-6.17690622642318,-6.16751648611834,-7.375255762049754,-7.077498041719233,-6.8638033818829545,-7.3733742939800475,-25.328436022934504,-25.328436022934504,-25.328436022934504,-7.375255762049754,-7.578656831034763,-6.608000617886088,-7.164720365841857,-7.185387002380416,-6.708084075663068,-6.854354492775023,-7.021083953089139
8,blongum_GCF_000166895.2_ASM16689v2,-6.635946548066647,-25.328436022934504,-7.2122944549403405,-8.030084063547564,-25.328436022934504,-25.328436022934504,-25.328436022934504,-25.328436022934504,-25.328436022934504,-25.328436022934504,-25.328436022934504,-25.328436022934504,-25.328436022934504,-25.328436022934504,-25.328436022934504,-25.328436022934504,-25.328436022934504,-25.328436022934504,-25.328436022934504,-25.328436022934504,-25.328436022934504,-25.328436022934504,-25.328436022934504,-25.328436022934504,-25.328436022934504,-25.328436022934504,-25.328436022934504,-25.328436022934504,-25.328436022934504,-25.328436022934504,-25.328436022934504
9,blongum_GCF_003468805.1_ASM346880v1,-25.328436022934504,-25.328436022934504,-6.5191472811603965,-25.328436022934504,-25.328436022934504,-25.328436022934504,-25.328436022934504,-25.328436022934504,-25.328436022934504,-25.328436022934504,-25.328436022934504,-25.328436022934504,-25.328436022934504,-25.328436022934504,-25.328436022934504,-25.328436022934504,-25.328436022934504,-25.328436022934504,-25.328436022934504,-25.328436022934504,-25.328436022934504,-25.328436022934504,-25.328436022934504,-25.328436022934504,-25.328436022934504,-25.328436022934504,-25.328436022934504,-25.328436022934504,-25.328436022934504,-25.328436022934504,-25.328436022934504
10,blongum_GCF_003464805.1_ASM346480v1,-25.328436022934504,-25.328436022934504,-7.2122944549403405,-25.328436022934504,-25.328436022934504,-25.328436022934504,-25.328436022934504,-25.328436022934504,-25.328436022934504,-25.328436022934504,-25.328436022934504,-25.328436022934504,-25.328436022934504,-25.328436022934504,-25.328436022934504,-25.328436022934504,-25.328436022934504,-25.328436022934504,-25.328436022934504,-25.328436022934504,-25.328436022934504,-25.328436022934504,-25.328436022934504,-25.328436022934504,-25.328436022934504,-25.328436022934504,-25.328436022934504,-25.328436022934504,-25.328436022934504,-25.328436022934504,-25.328436022934504
11,blongum_GCF_900157145.1_Bifido_03_v1,-7.3290937210065925,-25.328436022934504,-6.5191472811603965,-8.030084063547564,-25.328436022934504,-25.328436022934504,-25.328436022934504,-25.328436022934504,-25.328436022934504,-25.328436022934504,-25.328436022934504,-25.328436022934504,-25.328436022934504,-25.328436022934504,-25.328436022934504,-25.328436022934504,-25.328436022934504,-25.328436022934504,-25.328436022934504,-25.328436022934504,-25.328436022934504,-25.328436022934504,-25.328436022934504,-25.328436022934504,-25.328436022934504,-25.328436022934504,-25.328436022934504,-25.328436022934504,-25.328436022934504,-25.328436022934504,-25.328436022934504
12,blongum_GCF_003465365.1_ASM346536v1,-25.328436022934504,-25.328436022934504,-7.2122944549403405,-25.328436022934504,-25.328436022934504,-25.328436022934504,-25.328436022934504,-25.328436022934504,-25.328436022934504,-25.328436022934504,-25.328436022934504,-25.328436022934504,-25.328436022934504,-25.328436022934504,-25.328436022934504,-25.328436022934504,-25.328436022934504,-25.328436022934504,-25.328436022934504,-25.328436022934504,-25.328436022934504,-25.328436022934504,-25.328436022934504,-25.328436022934504,-25.328436022934504,-25.328436022934504,-25.328436022934504,-25.328436022934504,-25.328436022934504,-25.328436022934504,-25.328436022934504
13,blongum_GCF_002833075.1_ASM283307v1,-7.3290937210065925,-25.328436022934504,-6.5191472811603965,-8.030084063547564,-25.328436022934504,-25.328436022934504,-25.328436022934504,-25.328436022934504,-25.328436022934504,-25.328436022934504,-25.328436022934504,-25.328436022934504,-25.328436022934504,-25.328436022934504,-25.328436022934504,-25.328436022934504,-25.328436022934504,-25.328436022934504,-25.328436022934504,-25.328436022934504,-25.328436022934504,-25.328436022934504,-25.328436022934504,-25.328436022934504,-25.328436022934504,-25.328436022934504,-25.328436022934504,-25.328436022934504,-25.328436022934504,-25.328436022934504,-25.328436022934504
14,blongum_GCF_900104835.1_IMG-taxon_2634166334_annotated_assembly,-25.328436022934504,-25.328436022934504,-7.2122944549403405,-25.328436022934504,-25.328436022934504,-25.328436022934504,-25.328436022934504,-25.328436022934504,-25.328436022934504,-25.328436022934504,-25.328436022934504,-25.328436022934504,-25.328436022934504,-25.328436022934504,-25.328436022934504,-25.328436022934504,-25.328436022934504,-25.328436022934504,-25.328436022934504,-25.328436022934504,-25.328436022934504,-25.328436022934504,-25.328436022934504,-25.328436022934504,-25.328436022934504,-25.328436022934504,-25.328436022934504,-25.328436022934504,-25.328436022934504,-25.328436022934504,-25.328436022934504
15,blongum_GCF_002276185.1_ASM227618v1,-7.3290937210065925,-25.328436022934504,-7.2122944549403405,-8.030084063547564,-25.328436022934504,-25.328436022934504,-25.328436022934504,-25.328436022934504,-25.328436022934504,-25.328436022934504,-25.328436022934504,-25.328436022934504,-25.328436022934504,-25.328436022934504,-25.328436022934504,-25.328436022934504,-25.328436022934504,-25.328436022934504,-25.328436022934504,-25.328436022934504,-25.328436022934504,-25.328436022934504,-25.328436022934504,-25.328436022934504,-25.328436022934504,-25.328436022934504,-25.328436022934504,-25.328436022934504,-25.328436022934504,-25.328436022934504,-25.328436022934504
16,blongum_GCF_003370095.1_ASM337009v1,-7.3290937210065925,-25.328436022934504,-6.5191472811603965,-7.336936898347617,-25.328436022934504,-25.328436022934504,-25.328436022934504,-25.328436022934504,-25.328436022934504,-25.328436022934504,-25.328436022934504,-25.328436022934504,-25.328436022934504,-25.328436022934504,-25.328436022934504,-25.328436022934504,-25.328436022934504,-25.328436022934504,-25.328436022934504,-25.328436022934504,-25.328436022934504,-25.328436022934504,-25.328436022934504,-25.328436022934504,-25.328436022934504,-25.328436022934504,-25.328436022934504,-25.328436022934504,-25.328436022934504,-25.328436022934504,-25.328436022934504
17,blongum_GCF_001595465.1_ASM159546v1,-7.3290937210065925,-25.328436022934504,-7.2122944549403405,-8.030084063547564,-25.328436022934504,-25.328436022934504,-25.328436022934504,-25.328436022934504,-25.328436022934504,-25.328436022934504,-25.328436022934504,-25.328436022934504,-25.328436022934504,-25.328436022934504,-25.328436022934504,-25.328436022934504,-25.328436022934504,-25.328436022934504,-25.328436022934504,-25.328436022934504,-25.328436022934504,-25.328436022934504,-25.328436022934504,-25.328436022934504,-25.328436022934504,-25.328436022934504,-25.328436022934504,-25.328436022934504,-25.328436022934504,-25.328436022934504,-25.328436022934504
18,blongum_GCF_900157115.1_Bifido_05_v1,-7.3290937210065925,-25.328436022934504,-6.5191472811603965,-8.030084063547564,-25.328436022934504,-25.328436022934504,-25.328436022934504,-25.328436022934504,-25.328436022934504,-25.328436022934504,-25.328436022934504,-25.328436022934504,-25.328436022934504,-25.328436022934504,-25.328436022934504,-25.328436022934504,-25.328436022934504,-25.328436022934504,-25.328436022934504,-25.328436022934504,-25.328436022934504,-25.328436022934504,-25.328436022934504,-25.328436022934504,-25.328436022934504,-25.328436022934504,-25.328436022934504,-25.328436022934504,-25.328436022934504,-25.328436022934504,-25.328436022934504
19,blongum_GCF_900157075.1_Bifido_S1_v1,-6.635946548066647,-6.641834690646869,-5.132852925125505,-8.030084063547564,-7.761744961168913,-7.270312871709025,-6.082218905996447,-6.799055853088796,-6.674561383894425,-6.459904447987535,-6.492239828420472,-6.870053402168126,-6.860663661908285,-6.680227121385102,-6.870053402168126,-6.860663661908285,-6.6821085894698085,-7.077498041719233,-6.8638033818829545,-6.680227121385102,-7.380879019514118,-7.377133696843956,-4.812184354142417,-7.375255762049754,-7.578656831034763,-6.608000617886088,-7.164720365841857,-7.185387002380416,-6.708084075663068,-6.854354492775023,-7.021083953089139
20,blongum_GCF_003436595.1_ASM343659v1,-7.3290937210065925,-25.328436022934504,-6.113682175312232,-8.030084063547564,-25.328436022934504,-25.328436022934504,-25.328436022934504,-25.328436022934504,-25.328436022934504,-25.328436022934504,-25.328436022934504,-25.328436022934504,-25.328436022934504,-25.328436022934504,-25.328436022934504,-25.328436022934504,-25.328436022934504,-25.328436022934504,-25.328436022934504,-25.328436022934504,-25.328436022934504,-25.328436022934504,-25.328436022934504,-25.328436022934504,-25.328436022934504,-25.328436022934504,-25.328436022934504,-25.328436022934504,-25.328436022934504,-25.328436022934504,-25.328436022934504
21,blongum_GCF_003471385.1_ASM347138v1,-7.3290937210065925,-25.328436022934504,-25.328436022934504,-8.030084063547564,-25.328436022934504,-25.328436022934504,-25.328436022934504,-25.328436022934504,-25.328436022934504,-25.328436022934504,-25.328436022934504,-25.328436022934504,-25.328436022934504,-25.328436022934504,-25.328436022934504,-25.328436022934504,-25.328436022934504,-25.328436022934504,-25.328436022934504,-25.328436022934504,-25.328436022934504,-25.328436022934504,-25.328436022934504,-25.328436022934504,-25.328436022934504,-25.328436022934504,-25.328436022934504,-25.328436022934504,-25.328436022934504,-25.328436022934504,-25.328436022934504
22,blongum_GCF_003464575.1_ASM346457v1,-7.3290937210065925,-25.328436022934504,-6.5191472811603965,-8.030084063547564,-25.328436022934504,-25.328436022934504,-25.328436022934504,-25.328436022934504,-25.328436022934504,-25.328436022934504,-25.328436022934504,-25.328436022934504,-25.328436022934504,-25.328436022934504,-25.328436022934504,-25.328436022934504,-25.328436022934504,-25.328436022934504,-25.328436022934504,-25.328436022934504,-25.328436022934504,-25.328436022934504,-25.328436022934504,-25.328436022934504,-25.328436022934504,-25.328436022934504,-25.328436022934504,-25.328436022934504,-25.328436022934504,-25.328436022934504,-25.328436022934504
23,blongum_GCF_900157185.1_PC4_v1,-6.2304814424984825,-6.236369585093706,-7.2122944549403405,-8.030084063547564,-7.761744961168913,-7.270312871709025,-6.082218905996447,-6.799055853088796,-6.674561383894425,-6.0544393420093705,-6.492239828420472,-6.870053402168126,-6.860663661908285,-6.274762015931939,-6.870053402168126,-6.860663661908285,-6.6821085894698085,-7.077498041719233,-6.8638033818829545,-6.680227121385102,-6.282266741546008,-6.6839865242790095,-4.812184354142417,-6.6821085894698085,-7.578656831034763,-6.608000617886088,-7.164720365841857,-7.185387002380416,-6.708084075663068,-6.854354492775023,-7.021083953089139
24,blongum_GCF_003437695.1_ASM343769v1,-7.3290937210065925,-25.328436022934504,-7.2122944549403405,-8.030084063547564,-25.328436022934504,-25.328436022934504,-25.328436022934504,-25.328436022934504,-25.328436022934504,-25.328436022934504,-25.328436022934504,-25.328436022934504,-25.328436022934504,-25.328436022934504,-25.328436022934504,-25.328436022934504,-25.328436022934504,-25.328436022934504,-25.328436022934504,-25.328436022934504,-25.328436022934504,-25.328436022934504,-25.328436022934504,-25.328436022934504,-25.328436022934504,-25.328436022934504,-25.328436022934504,-25.328436022934504,-25.328436022934504,-25.328436022934504,-25.328436022934504
25,blongum_GCF_002833205.1_ASM283320v1,-7.3290937210065925,-25.328436022934504,-25.328436022934504,-8.030084063547564,-25.328436022934504,-25.328436022934504,-25.328436022934504,-25.328436022934504,-25.328436022934504,-25.328436022934504,-25.328436022934504,-25.328436022934504,-25.328436022934504,-25.328436022934504,-25.328436022934504,-25.328436022934504,-25.328436022934504,-25.328436022934504,-25.328436022934504,-25.328436022934504,-25.328436022934504,-25.328436022934504,-25.328436022934504,-25.328436022934504,-25.328436022934504,-25.328436022934504,-25.328436022934504,-25.328436022934504,-25.328436022934504,-25.328436022934504,-25.328436022934504
26,blongum_GCF_003475835.1_ASM347583v1,-7.3290937210065925,-25.328436022934504,-7.2122944549403405,-8.030084063547564,-25.328436022934504,-25.328436022934504,-25.328436022934504,-25.328436022934504,-25.328436022934504,-25.328436022934504,-25.328436022934504,-25.328436022934504,-25.328436022934504,-25.328436022934504,-25.328436022934504,-25.328436022934504,-25.328436022934504,-25.328436022934504,-25.328436022934504,-25.328436022934504,-25.328436022934504,-25.328436022934504,-25.328436022934504,-25.328436022934504,-25.328436022934504,-25.328436022934504,-25.328436022934504,-25.328436022934504,-25.328436022934504,-25.328436022934504,-25.328436022934504
27,blongum_GCF_002832955.1_ASM283295v1,-7.3290937210065925,-25.328436022934504,-7.2122944549403405,-8.030084063547564,-25.328436022934504,-25.328436022934504,-25.328436022934504,-25.328436022934504,-25.328436022934504,-25.328436022934504,-25.328436022934504,-25.328436022934504,-25.328436022934504,-25.328436022934504,-25.328436022934504,-25.328436022934504,-25.328436022934504,-25.328436022934504,-25.328436022934504,-25.328436022934504,-25.328436022934504,-25.328436022934504,-25.328436022934504,-25.328436022934504,-25.328436022934504,-25.328436022934504,-25.328436022934504,-25.328436022934504,-25.328436022934504,-25.328436022934504,-25.328436022934504
28,blongum_GCF_003370205.1_ASM337020v1,-6.2304814424984825,-25.328436022934504,-25.328436022934504,-8.030084063547564,-25.328436022934504,-25.328436022934504,-25.328436022934504,-25.328436022934504,-25.328436022934504,-25.328436022934504,-25.328436022934504,-25.328436022934504,-25.328436022934504,-25.328436022934504,-25.328436022934504,-25.328436022934504,-25.328436022934504,-25.328436022934504,-25.328436022934504,-25.328436022934504,-25.328436022934504,-25.328436022934504,-25.328436022934504,-25.328436022934504,-25.328436022934504,-25.328436022934504,-25.328436022934504,-25.328436022934504,-25.328436022934504,-25.328436022934504,-25.328436022934504
29,blongum_GCF_000185665.1_ASM18566v1,-7.3290937210065925,-25.328436022934504,-6.5191472811603965,-8.030084063547564,-25.328436022934504,-25.328436022934504,-25.328436022934504,-25.328436022934504,-25.328436022934504,-25.328436022934504,-25.328436022934504,-25.328436022934504,-25.328436022934504,-25.328436022934504,-25.328436022934504,-25.328436022934504,-25.328436022934504,-25.328436022934504,-25.328436022934504,-25.328436022934504,-25.328436022934504,-25.328436022934504,-25.328436022934504,-25.328436022934504,-25.328436022934504,-25.328436022934504,-25.328436022934504,-25.328436022934504,-25.328436022934504,-25.328436022934504,-25.328436022934504
30,blongum_GCF_003437995.1_ASM343799v1,-7.3290937210065925,-25.328436022934504,-6.5191472811603965,-8.030084063547564,-25.328436022934504,-25.328436022934504,-25.328436022934504,-25.328436022934504,-25.328436022934504,-25.328436022934504,-25.328436022934504,-25.328436022934504,-25.328436022934504,-25.328436022934504,-25.328436022934504,-25.328436022934504,-25.328436022934504,-25.328436022934504,-25.328436022934504,-25.328436022934504,-25.328436022934504,-25.328436022934504,-25.328436022934504,-25.328436022934504,-25.328436022934504,-25.328436022934504,-25.328436022934504,-25.328436022934504,-25.328436022934504,-25.328436022934504,-25.328436022934504
31,blongum_GCF_003475055.1_ASM347505v1,-25.328436022934504,-25.328436022934504,-25.328436022934504,-25.328436022934504,-25.328436022934504,-25.328436022934504,-25.328436022934504,-25.328436022934504,-25.328436022934504,-25.328436022934504,-25.328436022934504,-25.328436022934504,-25.328436022934504,-25.328436022934504,-25.328436022934504,-25.328436022934504,-25.328436022934504,-25.328436022934504,-25.328436022934504,-25.328436022934504,-25.328436022934504,-25.328436022934504,-25.328436022934504,-25.328436022934504,-25.328436022934504,-25.328436022934504,-25.328436022934504,-25.328436022934504,-25.328436022934504,-25.328436022934504,-25.328436022934504
32,blongum_GCF_002833175.1_ASM283317v1,-7.3290937210065925,-25.328436022934504,-6.5191472811603965,-8.030084063547564,-25.328436022934504,-25.328436022934504,-25.328436022934504,-25.328436022934504,-25.328436022934504,-25.328436022934504,-25.328436022934504,-25.328436022934504,-25.328436022934504,-25.328436022934504,-25.328436022934504,-25.328436022934504,-25.328436022934504,-25.328436022934504,-25.328436022934504,-25.328436022934504,-25.328436022934504,-25.328436022934504,-25.328436022934504,-25.328436022934504,-25.328436022934504,-25.328436022934504,-25.328436022934504,-25.328436022934504,-25.328436022934504,-25.328436022934504,-25.328436022934504
33,blongum_GCF_003436505.1_ASM343650v1,-7.3290937210065925,-25.328436022934504,-5.8260001039904505,-8.030084063547564,-25.328436022934504,-25.328436022934504,-25.328436022934504,-25.328436022934504,-25.328436022934504,-25.328436022934504,-25.328436022934504,-25.328436022934504,-25.328436022934504,-25.328436022934504,-25.328436022934504,-25.328436022934504,-25.328436022934504,-25.328436022934504,-25.328436022934504,-25.328436022934504,-25.328436022934504,-25.328436022934504,-25.328436022934504,-25.328436022934504,-25.328436022934504,-25.328436022934504,-25.328436022934504,-25.328436022934504,-25.328436022934504,-25.328436022934504,-25.328436022934504
34,blongum_GCF_000478525.1_blongD2957,-25.328436022934504,-25.328436022934504,-7.2122944549403405,-25.328436022934504,-25.328436022934504,-25.328436022934504,-25.328436022934504,-25.328436022934504,-25.328436022934504,-25.328436022934504,-25.328436022934504,-25.328436022934504,-25.328436022934504,-25.328436022934504,-25.328436022934504,-25.328436022934504,-25.328436022934504,-25.328436022934504,-25.328436022934504,-25.328436022934504,-25.328436022934504,-25.328436022934504,-25.328436022934504,-25.328436022934504,-25.328436022934504,-25.328436022934504,-25.328436022934504,-25.328436022934504,-25.328436022934504,-25.328436022934504,-25.328436022934504
35,blongum_GCF_003474905.1_ASM347490v1,-7.3290937210065925,-25.328436022934504,-7.2122944549403405,-8.030084063547564,-25.328436022934504,-25.328436022934504,-25.328436022934504,-25.328436022934504,-25.328436022934504,-25.328436022934504,-25.328436022934504,-25.328436022934504,-25.328436022934504,-25.328436022934504,-25.328436022934504,-25.328436022934504,-25.328436022934504,-25.328436022934504,-25.328436022934504,-25.328436022934504,-25.328436022934504,-25.328436022934504,-25.328436022934504,-25.328436022934504,-25.328436022934504,-25.328436022934504,-25.328436022934504,-25.328436022934504,-25.328436022934504,-25.328436022934504,-25.328436022934504
36,blongum_GCF_003466425.1_ASM346642v1,-25.328436022934504,-25.328436022934504,-6.5191472811603965,-25.328436022934504,-25.328436022934504,-25.328436022934504,-25.328436022934504,-25.328436022934504,-25.328436022934504,-25.328436022934504,-25.328436022934504,-25.328436022934504,-25.328436022934504,-25.328436022934504,-25.328436022934504,-25.328436022934504,-25.328436022934504,-25.328436022934504,-25.328436022934504,-25.328436022934504,-25.328436022934504,-25.328436022934504,-25.328436022934504,-25.328436022934504,-25.328436022934504,-25.328436022934504,-25.328436022934504,-25.328436022934504,-25.328436022934504,-25.328436022934504,-25.328436022934504
37,blongum_GCF_900157095.1_Bifido_01_v1,-7.3290937210065925,-25.328436022934504,-6.5191472811603965,-8.030084063547564,-25.328436022934504,-25.328436022934504,-25.328436022934504,-25.328436022934504,-25.328436022934504,-25.328436022934504,-25.328436022934504,-25.328436022934504,-25.328436022934504,-25.328436022934504,-25.328436022934504,-25.328436022934504,-25.328436022934504,-25.328436022934504,-25.328436022934504,-25.328436022934504,-25.328436022934504,-25.328436022934504,-25.328436022934504,-25.328436022934504,-25.328436022934504,-25.328436022934504,-25.328436022934504,-25.328436022934504,-25.328436022934504,-25.328436022934504,-25.328436022934504
38,blongum_GCF_003370035.1_ASM337003v1,-7.3290937210065925,-25.328436022934504,-6.5191472811603965,-8.030084063547564,-25.328436022934504,-25.328436022934504,-25.328436022934504,-25.328436022934504,-25.328436022934504,-25.328436022934504,-25.328436022934504,-25.328436022934504,-25.328436022934504,-25.328436022934504,-25.328436022934504,-25.328436022934504,-25.328436022934504,-25.328436022934504,-25.328436022934504,-25.328436022934504,-25.328436022934504,-25.328436022934504,-25.328436022934504,-25.328436022934504,-25.328436022934504,-25.328436022934504,-25.328436022934504,-25.328436022934504,-25.328436022934504,-25.328436022934504,-25.328436022934504
39,blongum_GCF_003457975.1_ASM345797v1,-25.328436022934504,-25.328436022934504,-25.328436022934504,-25.328436022934504,-25.328436022934504,-25.328436022934504,-25.328436022934504,-25.328436022934504,-25.328436022934504,-25.328436022934504,-25.328436022934504,-25.328436022934504,-25.328436022934504,-25.328436022934504,-25.328436022934504,-25.328436022934504,-25.328436022934504,-25.328436022934504,-25.328436022934504,-25.328436022934504,-25.328436022934504,-25.328436022934504,-25.328436022934504,-25.328436022934504,-25.328436022934504,-25.328436022934504,-25.328436022934504,-25.328436022934504,-25.328436022934504,-25.328436022934504,-25.328436022934504
40,blongum_GCF_002833035.1_ASM283303v1,-7.3290937210065925,-25.328436022934504,-6.5191472811603965,-8.030084063547564,-25.328436022934504,-25.328436022934504,-25.328436022934504,-25.328436022934504,-25.328436022934504,-25.328436022934504,-25.328436022934504,-25.328436022934504,-25.328436022934504,-25.328436022934504,-25.328436022934504,-25.328436022934504,-25.328436022934504,-25.328436022934504,-25.328436022934504,-25.328436022934504,-25.328436022934504,-25.328436022934504,-25.328436022934504,-25.328436022934504,-25.328436022934504,-25.328436022934504,-25.328436022934504,-25.328436022934504,-25.328436022934504,-25.328436022934504,-25.328436022934504
41,blongum_GCF_900157155.1_Bifido_06_v1,-7.3290937210065925,-25.328436022934504,-6.5191472811603965,-8.030084063547564,-25.328436022934504,-25.328436022934504,-25.328436022934504,-25.328436022934504,-25.328436022934504,-25.328436022934504,-25.328436022934504,-25.328436022934504,-25.328436022934504,-25.328436022934504,-25.328436022934504,-25.328436022934504,-25.328436022934504,-25.328436022934504,-25.328436022934504,-25.328436022934504,-25.328436022934504,-25.328436022934504,-25.328436022934504,-25.328436022934504,-25.328436022934504,-25.328436022934504,-25.328436022934504,-25.328436022934504,-25.328436022934504,-25.328436022934504,-25.328436022934504
42,blongum_GCF_003467395.1_ASM346739v1,-25.328436022934504,-25.328436022934504,-6.5191472811603965,-25.328436022934504,-25.328436022934504,-25.328436022934504,-25.328436022934504,-25.328436022934504,-25.328436022934504,-25.328436022934504,-25.328436022934504,-25.328436022934504,-25.328436022934504,-25.328436022934504,-25.328436022934504,-25.328436022934504,-25.328436022934504,-25.328436022934504,-25.328436022934504,-25.328436022934504,-25.328436022934504,-25.328436022934504,-25.328436022934504,-25.328436022934504,-25.328436022934504,-25.328436022934504,-25.328436022934504,-25.328436022934504,-25.328436022934504,-25.328436022934504,-25.328436022934504
43,blongum_GCF_003370005.1_ASM337000v1,-7.3290937210065925,-25.328436022934504,-6.5191472811603965,-8.030084063547564,-25.328436022934504,-25.328436022934504,-25.328436022934504,-25.328436022934504,-25.328436022934504,-25.328436022934504,-25.328436022934504,-25.328436022934504,-25.328436022934504,-25.328436022934504,-25.328436022934504,-25.328436022934504,-25.328436022934504,-25.328436022934504,-25.328436022934504,-25.328436022934504,-25.328436022934504,-25.328436022934504,-25.328436022934504,-25.328436022934504,-25.328436022934504,-25.328436022934504,-25.328436022934504,-25.328436022934504,-25.328436022934504,-25.328436022934504,-25.328436022934504
44,blongum_GCF_003094855.1_ASM309485v1,-7.3290937210065925,-25.328436022934504,-7.2122944549403405,-8.030084063547564,-25.328436022934504,-25.328436022934504,-25.328436022934504,-25.328436022934504,-25.328436022934504,-25.328436022934504,-25.328436022934504,-25.328436022934504,-25.328436022934504,-25.328436022934504,-25.328436022934504,-25.328436022934504,-25.328436022934504,-25.328436022934504,-25.328436022934504,-25.328436022934504,-25.328436022934504,-25.328436022934504,-25.328436022934504,-25.328436022934504,-25.328436022934504,-25.328436022934504,-25.328436022934504,-25.328436022934504,-25.328436022934504,-25.328436022934504,-25.328436022934504
45,blongum_GCF_002076015.1_Bbif1890B,-7.3290937210065925,-25.328436022934504,-25.328436022934504,-8.030084063547564,-25.328436022934504,-25.328436022934504,-25.328436022934504,-25.328436022934504,-25.328436022934504,-25.328436022934504,-25.328436022934504,-25.328436022934504,-25.328436022934504,-25.328436022934504,-25.328436022934504,-25.328436022934504,-25.328436022934504,-25.328436022934504,-25.328436022934504,-25.328436022934504,-25.328436022934504,-25.328436022934504,-25.328436022934504,-25.328436022934504,-25.328436022934504,-25.328436022934504,-25.328436022934504,-25.328436022934504,-25.328436022934504,-25.328436022934504,-25.328436022934504
46,blongum_GCF_900157065.1_PC1_v1,-6.635946548066647,-6.641834690646869,-5.132852925125505,-8.030084063547564,-7.761744961168913,-7.270312871709025,-6.082218905996447,-6.799055853088796,-6.674561383894425,-5.7667572706225885,-6.492239828420472,-6.870053402168126,-6.860663661908285,-6.274762015931939,-6.870053402168126,-6.860663661908285,-6.6821085894698085,-7.077498041719233,-6.8638033818829545,-6.680227121385102,-7.380879019514118,-7.377133696843956,-4.812184354142417,-7.375255762049754,-7.578656831034763,-6.608000617886088,-7.164720365841857,-7.185387002380416,-6.708084075663068,-6.854354492775023,-7.021083953089139
47,blongum_GCF_900519135.1_BB-79,-7.3290937210065925,-25.328436022934504,-7.2122944549403405,-8.030084063547564,-25.328436022934504,-25.328436022934504,-25.328436022934504,-25.328436022934504,-25.328436022934504,-25.328436022934504,-25.328436022934504,-25.328436022934504,-25.328436022934504,-25.328436022934504,-25.328436022934504,-25.328436022934504,-25.328436022934504,-25.328436022934504,-25.328436022934504,-25.328436022934504,-25.328436022934504,-25.328436022934504,-25.328436022934504,-25.328436022934504,-25.328436022934504,-25.328436022934504,-25.328436022934504,-25.328436022934504,-25.328436022934504,-25.328436022934504,-25.328436022934504
48,blongum_GCF_003465745.1_ASM346574v1,-7.3290937210065925,-25.328436022934504,-7.2122944549403405,-8.030084063547564,-25.328436022934504,-25.328436022934504,-25.328436022934504,-25.328436022934504,-25.328436022934504,-25.328436022934504,-25.328436022934504,-25.328436022934504,-25.328436022934504,-25.328436022934504,-25.328436022934504,-25.328436022934504,-25.328436022934504,-25.328436022934504,-25.328436022934504,-25.328436022934504,-25.328436022934504,-25.328436022934504,-25.328436022934504,-25.328436022934504,-25.328436022934504,-25.328436022934504,-25.328436022934504,-25.328436022934504,-25.328436022934504,-25.328436022934504,-25.328436022934504
49,blongum_GCF_001546275.1_ASM154627v1,-7.3290937210065925,-25.328436022934504,-25.328436022934504,-8.030084063547564,-25.328436022934504,-25.328436022934504,-25.328436022934504,-25.328436022934504,-25.328436022934504,-25.328436022934504,-25.328436022934504,-25.328436022934504,-25.328436022934504,-25.328436022934504,-25.328436022934504,-25.328436022934504,-25.328436022934504,-25.328436022934504,-25.328436022934504,-25.328436022934504,-25.328436022934504,-25.328436022934504,-25.328436022934504,-25.328436022934504,-25.328436022934504,-25.328436022934504,-25.328436022934504,-25.328436022934504,-25.328436022934504,-25.328436022934504,-25.328436022934504
50,blongum_GCF_003466045.1_ASM346604v1,-25.328436022934504,-25.328436022934504,-7.2122944549403405,-25.328436022934504,-25.328436022934504,-25.328436022934504,-25.328436022934504,-25.328436022934504,-25.328436022934504,-25.328436022934504,-25.328436022934504,-25.328436022934504,-25.328436022934504,-25.328436022934504,-25.328436022934504,-25.328436022934504,-25.328436022934504,-25.328436022934504,-25.328436022934504,-25.328436022934504,-25.328436022934504,-25.328436022934504,-25.328436022934504,-25.328436022934504,-25.328436022934504,-25.328436022934504,-25.328436022934504,-25.328436022934504,-25.328436022934504,-25.328436022934504,-25.328436022934504
51,blongum_GCF_003473205.1_ASM347320v1,-25.328436022934504,-25.328436022934504,-6.5191472811603965,-25.328436022934504,-25.328436022934504,-25.328436022934504,-25.328436022934504,-25.328436022934504,-25.328436022934504,-25.328436022934504,-25.328436022934504,-25.328436022934504,-25.328436022934504,-25.328436022934504,-25.328436022934504,-25.328436022934504,-25.328436022934504,-25.328436022934504,-25.328436022934504,-25.328436022934504,-25.328436022934504,-25.328436022934504,-25.328436022934504,-25.328436022934504,-25.328436022934504,-25.328436022934504,-25.328436022934504,-25.328436022934504,-25.328436022934504,-25.328436022934504,-25.328436022934504
52,blongum_GCF_001293145.1_ASM129314v1,-7.3290937210065925,-25.328436022934504,-7.2122944549403405,-8.030084063547564,-25.328436022934504,-25.328436022934504,-25.328436022934504,-25.328436022934504,-25.328436022934504,-25.328436022934504,-25.328436022934504,-25.328436022934504,-25.328436022934504,-25.328436022934504,-25.328436022934504,-25.328436022934504,-25.328436022934504,-25.328436022934504,-25.328436022934504,-25.328436022934504,-25.328436022934504,-25.328436022934504,-25.328436022934504,-25.328436022934504,-25.328436022934504,-25.328436022934504,-25.328436022934504,-25.328436022934504,-25.328436022934504,-25.328436022934504,-25.328436022934504
53,blongum_GCF_003466075.1_ASM346607v1,-25.328436022934504,-25.328436022934504,-7.2122944549403405,-25.328436022934504,-25.328436022934504,-25.328436022934504,-25.328436022934504,-25.328436022934504,-25.328436022934504,-25.328436022934504,-25.328436022934504,-25.328436022934504,-25.328436022934504,-25.328436022934504,-25.328436022934504,-25.328436022934504,-25.328436022934504,-25.328436022934504,-25.328436022934504,-25.328436022934504,-25.328436022934504,-25.328436022934504,-25.328436022934504,-25.328436022934504,-25.328436022934504,-25.328436022934504,-25.328436022934504,-25.328436022934504,-25.328436022934504,-25.328436022934504,-25.328436022934504
54,blongum_GCF_002075875.1_Bbif1898B,-7.3290937210065925,-25.328436022934504,-7.2122944549403405,-8.030084063547564,-25.328436022934504,-25.328436022934504,-25.328436022934504,-25.328436022934504,-25.328436022934504,-25.328436022934504,-25.328436022934504,-25.328436022934504,-25.328436022934504,-25.328436022934504,-25.328436022934504,-25.328436022934504,-25.328436022934504,-25.328436022934504,-25.328436022934504,-25.328436022934504,-25.328436022934504,-25.328436022934504,-25.328436022934504,-25.328436022934504,-25.328436022934504,-25.328436022934504,-25.328436022934504,-25.328436022934504,-25.328436022934504,-25.328436022934504,-25.328436022934504
55,blongum_GCF_000829295.1_ASM82929v1,-7.3290937210065925,-25.328436022934504,-6.113682175312232,-8.030084063547564,-25.328436022934504,-25.328436022934504,-25.328436022934504,-25.328436022934504,-25.328436022934504,-25.328436022934504,-25.328436022934504,-25.328436022934504,-25.328436022934504,-25.328436022934504,-25.328436022934504,-25.328436022934504,-25.328436022934504,-25.328436022934504,-25.328436022934504,-25.328436022934504,-25.328436022934504,-25.328436022934504,-25.328436022934504,-25.328436022934504,-25.328436022934504,-25.328436022934504,-25.328436022934504,-25.328436022934504,-25.328436022934504,-25.328436022934504,-25.328436022934504
56,blongum_GCF_900157055.1_Bifido_09_v1,-7.3290937210065925,-25.328436022934504,-6.5191472811603965,-8.030084063547564,-25.328436022934504,-25.328436022934504,-25.328436022934504,-25.328436022934504,-25.328436022934504,-25.328436022934504,-25.328436022934504,-25.328436022934504,-25.328436022934504,-25.328436022934504,-25.328436022934504,-25.328436022934504,-25.328436022934504,-25.328436022934504,-25.328436022934504,-25.328436022934504,-25.328436022934504,-25.328436022934504,-25.328436022934504,-25.328436022934504,-25.328436022934504,-25.328436022934504,-25.328436022934504,-25.328436022934504,-25.328436022934504,-25.328436022934504,-25.328436022934504
57,blongum_GCF_003465635.1_ASM346563v1,-7.3290937210065925,-25.328436022934504,-25.328436022934504,-8.030084063547564,-25.328436022934504,-25.328436022934504,-25.328436022934504,-25.328436022934504,-25.328436022934504,-25.328436022934504,-25.328436022934504,-25.328436022934504,-25.328436022934504,-25.328436022934504,-25.328436022934504,-25.328436022934504,-25.328436022934504,-25.328436022934504,-25.328436022934504,-25.328436022934504,-25.328436022934504,-25.328436022934504,-25.328436022934504,-25.328436022934504,-25.328436022934504,-25.328436022934504,-25.328436022934504,-25.328436022934504,-25.328436022934504,-25.328436022934504,-25.328436022934504
58,blongum_GCF_002832985.1_ASM283298v1,-7.3290937210065925,-25.328436022934504,-6.5191472811603965,-8.030084063547564,-25.328436022934504,-25.328436022934504,-25.328436022934504,-25.328436022934504,-25.328436022934504,-25.328436022934504,-25.328436022934504,-25.328436022934504,-25.328436022934504,-25.328436022934504,-25.328436022934504,-25.328436022934504,-25.328436022934504,-25.328436022934504,-25.328436022934504,-25.328436022934504,-25.328436022934504,-25.328436022934504,-25.328436022934504,-25.328436022934504,-25.328436022934504,-25.328436022934504,-25.328436022934504,-25.328436022934504,-25.328436022934504,-25.328436022934504,-25.328436022934504
59,blongum_GCF_003465545.1_ASM346554v1,-7.3290937210065925,-25.328436022934504,-7.2122944549403405,-8.030084063547564,-25.328436022934504,-25.328436022934504,-25.328436022934504,-25.328436022934504,-25.328436022934504,-25.328436022934504,-25.328436022934504,-25.328436022934504,-25.328436022934504,-25.328436022934504,-25.328436022934504,-25.328436022934504,-25.328436022934504,-25.328436022934504,-25.328436022934504,-25.328436022934504,-25.328436022934504,-25.328436022934504,-25.328436022934504,-25.328436022934504,-25.328436022934504,-25.328436022934504,-25.328436022934504,-25.328436022934504,-25.328436022934504,-25.328436022934504,-25.328436022934504
60,blongum_GCF_003458335.1_ASM345833v1,-25.328436022934504,-25.328436022934504,-7.2122944549403405,-25.328436022934504,-25.328436022934504,-25.328436022934504,-25.328436022934504,-25.328436022934504,-25.328436022934504,-25.328436022934504,-25.328436022934504,-25.328436022934504,-25.328436022934504,-25.328436022934504,-25.328436022934504,-25.328436022934504,-25.328436022934504,-25.328436022934504,-25.328436022934504,-25.328436022934504,-25.328436022934504,-25.328436022934504,-25.328436022934504,-25.328436022934504,-25.328436022934504,-25.328436022934504,-25.328436022934504,-25.328436022934504,-25.328436022934504,-25.328436022934504,-25.328436022934504
61,blongum_GCF_003472305.1_ASM347230v1,-7.3290937210065925,-25.328436022934504,-6.5191472811603965,-8.030084063547564,-25.328436022934504,-25.328436022934504,-25.328436022934504,-25.328436022934504,-25.328436022934504,-25.328436022934504,-25.328436022934504,-25.328436022934504,-25.328436022934504,-25.328436022934504,-25.328436022934504,-25.328436022934504,-25.328436022934504,-25.328436022934504,-25.328436022934504,-25.328436022934504,-25.328436022934504,-25.328436022934504,-25.328436022934504,-25.328436022934504,-25.328436022934504,-25.328436022934504,-25.328436022934504,-25.328436022934504,-25.328436022934504,-25.328436022934504,-25.328436022934504
62,blongum_GCF_002832995.1_ASM283299v1,-7.3290937210065925,-25.328436022934504,-6.113682175312232,-8.030084063547564,-25.328436022934504,-25.328436022934504,-25.328436022934504,-25.328436022934504,-25.328436022934504,-25.328436022934504,-25.328436022934504,-25.328436022934504,-25.328436022934504,-25.328436022934504,-25.328436022934504,-25.328436022934504,-25.328436022934504,-25.328436022934504,-25.328436022934504,-25.328436022934504,-25.328436022934504,-25.328436022934504,-25.328436022934504,-25.328436022934504,-25.328436022934504,-25.328436022934504,-25.328436022934504,-25.328436022934504,-25.328436022934504,-25.328436022934504,-25.328436022934504
63,blongum_GCF_002833185.1_ASM283318v1,-7.3290937210065925,-25.328436022934504,-25.328436022934504,-8.030084063547564,-25.328436022934504,-25.328436022934504,-25.328436022934504,-25.328436022934504,-25.328436022934504,-25.328436022934504,-25.328436022934504,-25.328436022934504,-25.328436022934504,-25.328436022934504,-25.328436022934504,-25.328436022934504,-25.328436022934504,-25.328436022934504,-25.328436022934504,-25.328436022934504,-25.328436022934504,-25.328436022934504,-25.328436022934504,-25.328436022934504,-25.328436022934504,-25.328436022934504,-25.328436022934504,-25.328436022934504,-25.328436022934504,-25.328436022934504,-25.328436022934504
64,blongum_GCF_003437135.1_ASM343713v1,-25.328436022934504,-25.328436022934504,-6.5191472811603965,-25.328436022934504,-25.328436022934504,-25.328436022934504,-25.328436022934504,-25.328436022934504,-25.328436022934504,-25.328436022934504,-25.328436022934504,-25.328436022934504,-25.328436022934504,-25.328436022934504,-25.328436022934504,-25.328436022934504,-25.328436022934504,-25.328436022934504,-25.328436022934504,-25.328436022934504,-25.328436022934504,-25.328436022934504,-25.328436022934504,-25.328436022934504,-25.328436022934504,-25.328436022934504,-25.328436022934504,-25.328436022934504,-25.328436022934504,-25.328436022934504,-25.328436022934504
65,blongum_GCF_000008945.1_ASM894v1,-7.3290937210065925,-25.328436022934504,-6.5191472811603965,-8.030084063547564,-25.328436022934504,-25.328436022934504,-25.328436022934504,-25.328436022934504,-25.328436022934504,-25.328436022934504,-25.328436022934504,-25.328436022934504,-25.328436022934504,-25.328436022934504,-25.328436022934504,-25.328436022934504,-25.328436022934504,-25.328436022934504,-25.328436022934504,-25.328436022934504,-25.328436022934504,-25.328436022934504,-25.328436022934504,-25.328436022934504,-25.328436022934504,-25.328436022934504,-25.328436022934504,-25.328436022934504,-25.328436022934504,-25.328436022934504,-25.328436022934504
66,blongum_GCF_003467905.1_ASM346790v1,-25.328436022934504,-25.328436022934504,-25.328436022934504,-25.328436022934504,-25.328436022934504,-25.328436022934504,-25.328436022934504,-25.328436022934504,-25.328436022934504,-25.328436022934504,-25.328436022934504,-25.328436022934504,-25.328436022934504,-25.328436022934504,-25.328436022934504,-25.328436022934504,-25.328436022934504,-25.328436022934504,-25.328436022934504,-25.328436022934504,-25.328436022934504,-25.328436022934504,-25.328436022934504,-25.328436022934504,-25.328436022934504,-25.328436022934504,-25.328436022934504,-25.328436022934504,-25.328436022934504,-25.328436022934504,-25.328436022934504
67,blongum_GCF_003437105.1_ASM343710v1,-25.328436022934504,-25.328436022934504,-6.5191472811603965,-25.328436022934504,-25.328436022934504,-25.328436022934504,-25.328436022934504,-25.328436022934504,-25.328436022934504,-25.328436022934504,-25.328436022934504,-25.328436022934504,-25.328436022934504,-25.328436022934504,-25.328436022934504,-25.328436022934504,-25.328436022934504,-25.328436022934504,-25.328436022934504,-25.328436022934504,-25.328436022934504,-25.328436022934504,-25.328436022934504,-25.328436022934504,-25.328436022934504,-25.328436022934504,-25.328436022934504,-25.328436022934504,-25.328436022934504,-25.328436022934504,-25.328436022934504
68,blongum_GCF_002076095.1_Bbif1886B,-7.3290937210065925,-25.328436022934504,-6.113682175312232,-8.030084063547564,-25.328436022934504,-25.328436022934504,-25.328436022934504,-25.328436022934504,-25.328436022934504,-25.328436022934504,-25.328436022934504,-25.328436022934504,-25.328436022934504,-25.328436022934504,-25.328436022934504,-25.328436022934504,-25.328436022934504,-25.328436022934504,-25.328436022934504,-25.328436022934504,-25.328436022934504,-25.328436022934504,-25.328436022934504,-25.328436022934504,-25.328436022934504,-25.328436022934504,-25.328436022934504,-25.328436022934504,-25.328436022934504,-25.328436022934504,-25.328436022934504
69,blongum_GCF_003465095.1_ASM346509v1,-7.3290937210065925,-25.328436022934504,-6.5191472811603965,-8.030084063547564,-25.328436022934504,-25.328436022934504,-25.328436022934504,-25.328436022934504,-25.328436022934504,-25.328436022934504,-25.328436022934504,-25.328436022934504,-25.328436022934504,-25.328436022934504,-25.328436022934504,-25.328436022934504,-25.328436022934504,-25.328436022934504,-25.328436022934504,-25.328436022934504,-25.328436022934504,-25.328436022934504,-25.328436022934504,-25.328436022934504,-25.328436022934504,-25.328436022934504,-25.328436022934504,-25.328436022934504,-25.328436022934504,-25.328436022934504,-25.328436022934504
70,blongum_GCF_003369995.1_ASM336999v1,-7.3290937210065925,-25.328436022934504,-25.328436022934504,-8.030084063547564,-25.328436022934504,-25.328436022934504,-25.328436022934504,-25.328436022934504,-25.328436022934504,-25.328436022934504,-25.328436022934504,-25.328436022934504,-25.328436022934504,-25.328436022934504,-25.328436022934504,-25.328436022934504,-25.328436022934504,-25.328436022934504,-25.328436022934504,-25.328436022934504,-25.328436022934504,-25.328436022934504,-25.328436022934504,-25.328436022934504,-25.328436022934504,-25.328436022934504,-25.328436022934504,-25.328436022934504,-25.328436022934504,-25.328436022934504,-25.328436022934504
71,blongum_GCF_900637335.1_50618_H02,-25.328436022934504,-25.328436022934504,-7.2122944549403405,-25.328436022934504,-25.328436022934504,-25.328436022934504,-25.328436022934504,-25.328436022934504,-25.328436022934504,-25.328436022934504,-25.328436022934504,-25.328436022934504,-25.328436022934504,-25.328436022934504,-25.328436022934504,-25.328436022934504,-25.328436022934504,-25.328436022934504,-25.328436022934504,-25.328436022934504,-25.328436022934504,-25.328436022934504,-25.328436022934504,-25.328436022934504,-25.328436022934504,-25.328436022934504,-25.328436022934504,-25.328436022934504,-25.328436022934504,-25.328436022934504,-25.328436022934504
72,blongum_GCF_004125375.1_ASM412537v1,-7.3290937210065925,-25.328436022934504,-7.2122944549403405,-8.030084063547564,-25.328436022934504,-25.328436022934504,-25.328436022934504,-25.328436022934504,-25.328436022934504,-25.328436022934504,-25.328436022934504,-25.328436022934504,-25.328436022934504,-25.328436022934504,-25.328436022934504,-25.328436022934504,-25.328436022934504,-25.328436022934504,-25.328436022934504,-25.328436022934504,-25.328436022934504,-25.328436022934504,-25.328436022934504,-25.328436022934504,-25.328436022934504,-25.328436022934504,-25.328436022934504,-25.328436022934504,-25.328436022934504,-25.328436022934504,-25.328436022934504
73,blongum_GCF_000421385.1_ASM42138v1,-7.3290937210065925,-25.328436022934504,-25.328436022934504,-8.030084063547564,-25.328436022934504,-25.328436022934504,-25.328436022934504,-25.328436022934504,-25.328436022934504,-25.328436022934504,-25.328436022934504,-25.328436022934504,-25.328436022934504,-25.328436022934504,-25.328436022934504,-25.328436022934504,-25.328436022934504,-25.328436022934504,-25.328436022934504,-25.328436022934504,-25.328436022934504,-25.328436022934504,-25.328436022934504,-25.328436022934504,-25.328436022934504,-25.328436022934504,-25.328436022934504,-25.328436022934504,-25.328436022934504,-25.328436022934504,-25.328436022934504
74,blongum_GCF_003437095.1_ASM343709v1,-25.328436022934504,-25.328436022934504,-6.5191472811603965,-25.328436022934504,-25.328436022934504,-25.328436022934504,-25.328436022934504,-25.328436022934504,-25.328436022934504,-25.328436022934504,-25.328436022934504,-25.328436022934504,-25.328436022934504,-25.328436022934504,-25.328436022934504,-25.328436022934504,-25.328436022934504,-25.328436022934504,-25.328436022934504,-25.328436022934504,-25.328436022934504,-25.328436022934504,-25.328436022934504,-25.328436022934504,-25.328436022934504,-25.328436022934504,-25.328436022934504,-25.328436022934504,-25.328436022934504,-25.328436022934504,-25.328436022934504
75,blongum_GCF_003465785.1_ASM346578v1,-25.328436022934504,-25.328436022934504,-7.2122944549403405,-25.328436022934504,-25.328436022934504,-25.328436022934504,-25.328436022934504,-25.328436022934504,-25.328436022934504,-25.328436022934504,-25.328436022934504,-25.328436022934504,-25.328436022934504,-25.328436022934504,-25.328436022934504,-25.328436022934504,-25.328436022934504,-25.328436022934504,-25.328436022934504,-25.328436022934504,-25.328436022934504,-25.328436022934504,-25.328436022934504,-25.328436022934504,-25.328436022934504,-25.328436022934504,-25.328436022934504,-25.328436022934504,-25.328436022934504,-25.328436022934504,-25.328436022934504
76,blongum_GCF_002833015.1_ASM283301v1,-7.3290937210065925,-25.328436022934504,-6.5191472811603965,-8.030084063547564,-25.328436022934504,-25.328436022934504,-25.328436022934504,-25.328436022934504,-25.328436022934504,-25.328436022934504,-25.328436022934504,-25.328436022934504,-25.328436022934504,-25.328436022934504,-25.328436022934504,-25.328436022934504,-25.328436022934504,-25.328436022934504,-25.328436022934504,-25.328436022934504,-25.328436022934504,-25.328436022934504,-25.328436022934504,-25.328436022934504,-25.328436022934504,-25.328436022934504,-25.328436022934504,-25.328436022934504,-25.328436022934504,-25.328436022934504,-25.328436022934504
77,blongum_GCF_003468005.1_ASM346800v1,-25.328436022934504,-25.328436022934504,-7.2122944549403405,-25.328436022934504,-25.328436022934504,-25.328436022934504,-25.328436022934504,-25.328436022934504,-25.328436022934504,-25.328436022934504,-25.328436022934504,-25.328436022934504,-25.328436022934504,-25.328436022934504,-25.328436022934504,-25.328436022934504,-25.328436022934504,-25.328436022934504,-25.328436022934504,-25.328436022934504,-25.328436022934504,-25.328436022934504,-25.328436022934504,-25.328436022934504,-25.328436022934504,-25.328436022934504,-25.328436022934504,-25.328436022934504,-25.328436022934504,-25.328436022934504,-25.328436022934504
78,blongum_GCF_003471245.1_ASM347124v1,-25.328436022934504,-25.328436022934504,-7.2122944549403405,-25.328436022934504,-25.328436022934504,-25.328436022934504,-25.328436022934504,-25.328436022934504,-25.328436022934504,-25.328436022934504,-25.328436022934504,-25.328436022934504,-25.328436022934504,-25.328436022934504,-25.328436022934504,-25.328436022934504,-25.328436022934504,-25.328436022934504,-25.328436022934504,-25.328436022934504,-25.328436022934504,-25.328436022934504,-25.328436022934504,-25.328436022934504,-25.328436022934504,-25.328436022934504,-25.328436022934504,-25.328436022934504,-25.328436022934504,-25.328436022934504,-25.328436022934504
79,blongum_GCF_002861445.1_ASM286144v1,-7.3290937210065925,-25.328436022934504,-25.328436022934504,-8.030084063547564,-25.328436022934504,-25.328436022934504,-25.328436022934504,-25.328436022934504,-25.328436022934504,-25.328436022934504,-25.328436022934504,-25.328436022934504,-25.328436022934504,-25.328436022934504,-25.328436022934504,-25.328436022934504,-25.328436022934504,-25.328436022934504,-25.328436022934504,-25.328436022934504,-25.328436022934504,-25.328436022934504,-25.328436022934504,-25.328436022934504,-25.328436022934504,-25.328436022934504,-25.328436022934504,-25.328436022934504,-25.328436022934504,-25.328436022934504,-25.328436022934504
80,blongum_GCF_003472605.1_ASM347260v1,-7.3290937210065925,-25.328436022934504,-7.2122944549403405,-8.030084063547564,-25.328436022934504,-25.328436022934504,-25.328436022934504,-25.328436022934504,-25.328436022934504,-25.328436022934504,-25.328436022934504,-25.328436022934504,-25.328436022934504,-25.328436022934504,-25.328436022934504,-25.328436022934504,-25.328436022934504,-25.328436022934504,-25.328436022934504,-25.328436022934504,-25.328436022934504,-25.328436022934504,-25.328436022934504,-25.328436022934504,-25.328436022934504,-25.328436022934504,-25.328436022934504,-25.328436022934504,-25.328436022934504,-25.328436022934504,-25.328436022934504
81,blongum_GCF_000497735.1_BLONGv1.0,-7.3290937210065925,-25.328436022934504,-6.5191472811603965,-8.030084063547564,-25.328436022934504,-25.328436022934504,-25.328436022934504,-25.328436022934504,-25.328436022934504,-25.328436022934504,-25.328436022934504,-25.328436022934504,-25.328436022934504,-25.328436022934504,-25.328436022934504,-25.328436022934504,-25.328436022934504,-25.328436022934504,-25.328436022934504,-25.328436022934504,-25.328436022934504,-25.328436022934504,-25.328436022934504,-25.328436022934504,-25.328436022934504,-25.328436022934504,-25.328436022934504,-25.328436022934504,-25.328436022934504,-25.328436022934504,-25.328436022934504
82,blongum_GCF_003094935.1_ASM309493v1,-7.3290937210065925,-25.328436022934504,-7.2122944549403405,-8.030084063547564,-25.328436022934504,-25.328436022934504,-25.328436022934504,-25.328436022934504,-25.328436022934504,-25.328436022934504,-25.328436022934504,-25.328436022934504,-25.328436022934504,-25.328436022934504,-25.328436022934504,-25.328436022934504,-25.328436022934504,-25.328436022934504,-25.328436022934504,-25.328436022934504,-25.328436022934504,-25.328436022934504,-25.328436022934504,-25.328436022934504,-25.328436022934504,-25.328436022934504,-25.328436022934504,-25.328436022934504,-25.328436022934504,-25.328436022934504,-25.328436022934504
83,blongum_GCF_003472405.1_ASM347240v1,-25.328436022934504,-25.328436022934504,-7.2122944549403405,-25.328436022934504,-25.328436022934504,-25.328436022934504,-25.328436022934504,-25.328436022934504,-25.328436022934504,-25.328436022934504,-25.328436022934504,-25.328436022934504,-25.328436022934504,-25.328436022934504,-25.328436022934504,-25.328436022934504,-25.328436022934504,-25.328436022934504,-25.328436022934504,-25.328436022934504,-25.328436022934504,-25.328436022934504,-25.328436022934504,-25.328436022934504,-25.328436022934504,-25.328436022934504,-25.328436022934504,-25.328436022934504,-25.328436022934504,-25.328436022934504,-25.328436022934504
84,blongum_GCF_003790375.1_ASM379037v1,-7.3290937210065925,-25.328436022934504,-5.132852925125505,-8.030084063547564,-25.328436022934504,-25.328436022934504,-25.328436022934504,-25.328436022934504,-25.328436022934504,-25.328436022934504,-25.328436022934504,-25.328436022934504,-25.328436022934504,-25.328436022934504,-25.328436022934504,-25.328436022934504,-25.328436022934504,-25.328436022934504,-25.328436022934504,-25.328436022934504,-25.328436022934504,-25.328436022934504,-25.328436022934504,-25.328436022934504,-25.328436022934504,-25.328436022934504,-25.328436022934504,-25.328436022934504,-25.328436022934504,-25.328436022934504,-25.328436022934504
85,blongum_GCF_003464685.1_ASM346468v1,-7.3290937210065925,-25.328436022934504,-6.5191472811603965,-8.030084063547564,-25.328436022934504,-25.328436022934504,-25.328436022934504,-25.328436022934504,-25.328436022934504,-25.328436022934504,-25.328436022934504,-25.328436022934504,-25.328436022934504,-25.328436022934504,-25.328436022934504,-25.328436022934504,-25.328436022934504,-25.328436022934504,-25.328436022934504,-25.328436022934504,-25.328436022934504,-25.328436022934504,-25.328436022934504,-25.328436022934504,-25.328436022934504,-25.328436022934504,-25.328436022934504,-25.328436022934504,-25.328436022934504,-25.328436022934504,-25.328436022934504
86,blongum_GCF_000730205.1_ASM73020v1,-7.3290937210065925,-7.334981863541813,-7.2122944549403405,-8.030084063547564,-25.328436022934504,-25.328436022934504,-25.328436022934504,-25.328436022934504,-25.328436022934504,-25.328436022934504,-25.328436022934504,-25.328436022934504,-25.328436022934504,-25.328436022934504,-25.328436022934504,-25.328436022934504,-25.328436022934504,-25.328436022934504,-25.328436022934504,-25.328436022934504,-25.328436022934504,-25.328436022934504,-25.328436022934504,-25.328436022934504,-25.328436022934504,-25.328436022934504,-25.328436022934504,-25.328436022934504,-25.328436022934504,-25.328436022934504,-25.328436022934504
87,blongum_GCF_002833215.1_ASM283321v1,-7.3290937210065925,-25.328436022934504,-6.5191472811603965,-8.030084063547564,-25.328436022934504,-25.328436022934504,-25.328436022934504,-25.328436022934504,-25.328436022934504,-25.328436022934504,-25.328436022934504,-25.328436022934504,-25.328436022934504,-25.328436022934504,-25.328436022934504,-25.328436022934504,-25.328436022934504,-25.328436022934504,-25.328436022934504,-25.328436022934504,-25.328436022934504,-25.328436022934504,-25.328436022934504,-25.328436022934504,-25.328436022934504,-25.328436022934504,-25.328436022934504,-25.328436022934504,-25.328436022934504,-25.328436022934504,-25.328436022934504
88,blongum_GCF_003370225.1_ASM337022v1,-6.635946548066647,-25.328436022934504,-25.328436022934504,-7.336936898347617,-25.328436022934504,-25.328436022934504,-25.328436022934504,-25.328436022934504,-25.328436022934504,-25.328436022934504,-25.328436022934504,-25.328436022934504,-25.328436022934504,-25.328436022934504,-25.328436022934504,-25.328436022934504,-25.328436022934504,-25.328436022934504,-25.328436022934504,-25.328436022934504,-25.328436022934504,-25.328436022934504,-25.328436022934504,-25.328436022934504,-25.328436022934504,-25.328436022934504,-25.328436022934504,-25.328436022934504,-25.328436022934504,-25.328436022934504,-25.328436022934504
89,blongum_GCF_003466545.1_ASM346654v1,-7.3290937210065925,-25.328436022934504,-6.5191472811603965,-8.030084063547564,-25.328436022934504,-25.328436022934504,-25.328436022934504,-25.328436022934504,-25.328436022934504,-25.328436022934504,-25.328436022934504,-25.328436022934504,-25.328436022934504,-25.328436022934504,-25.328436022934504,-25.328436022934504,-25.328436022934504,-25.328436022934504,-25.328436022934504,-25.328436022934504,-25.328436022934504,-25.328436022934504,-25.328436022934504,-25.328436022934504,-25.328436022934504,-25.328436022934504,-25.328436022934504,-25.328436022934504,-25.328436022934504,-25.328436022934504,-25.328436022934504
90,blongum_GCF_002832945.1_ASM283294v1,-25.328436022934504,-25.328436022934504,-7.2122944549403405,-25.328436022934504,-25.328436022934504,-25.328436022934504,-25.328436022934504,-25.328436022934504,-25.328436022934504,-25.328436022934504,-25.328436022934504,-25.328436022934504,-25.328436022934504,-25.328436022934504,-25.328436022934504,-25.328436022934504,-25.328436022934504,-25.328436022934504,-25.328436022934504,-25.328436022934504,-25.328436022934504,-25.328436022934504,-25.328436022934504,-25.328436022934504,-25.328436022934504,-25.328436022934504,-25.328436022934504,-25.328436022934504,-25.328436022934504,-25.328436022934504,-25.328436022934504
91,blongum_GCF_002833285.1_ASM283328v1,-7.3290937210065925,-25.328436022934504,-6.5191472811603965,-8.030084063547564,-25.328436022934504,-25.328436022934504,-25.328436022934504,-25.328436022934504,-25.328436022934504,-25.328436022934504,-25.328436022934504,-25.328436022934504,-25.328436022934504,-25.328436022934504,-25.328436022934504,-25.328436022934504,-25.328436022934504,-25.328436022934504,-25.328436022934504,-25.328436022934504,-25.328436022934504,-25.328436022934504,-25.328436022934504,-25.328436022934504,-25.328436022934504,-25.328436022934504,-25.328436022934504,-25.328436022934504,-25.328436022934504,-25.328436022934504,-25.328436022934504
92,blongum_GCF_003465665.1_ASM346566v1,-7.3290937210065925,-25.328436022934504,-25.328436022934504,-8.030084063547564,-25.328436022934504,-25.328436022934504,-25.328436022934504,-25.328436022934504,-25.328436022934504,-25.328436022934504,-25.328436022934504,-25.328436022934504,-25.328436022934504,-25.328436022934504,-25.328436022934504,-25.328436022934504,-25.328436022934504,-25.328436022934504,-25.328436022934504,-25.328436022934504,-25.328436022934504,-25.328436022934504,-25.328436022934504,-25.328436022934504,-25.328436022934504,-25.328436022934504,-25.328436022934504,-25.328436022934504,-25.328436022934504,-25.328436022934504,-25.328436022934504
93,blongum_GCF_003094635.1_ASM309463v1,-7.3290937210065925,-25.328436022934504,-7.2122944549403405,-8.030084063547564,-25.328436022934504,-25.328436022934504,-25.328436022934504,-25.328436022934504,-25.328436022934504,-25.328436022934504,-25.328436022934504,-25.328436022934504,-25.328436022934504,-25.328436022934504,-25.328436022934504,-25.328436022934504,-25.328436022934504,-25.328436022934504,-25.328436022934504,-25.328436022934504,-25.328436022934504,-25.328436022934504,-25.328436022934504,-25.328436022934504,-25.328436022934504,-25.328436022934504,-25.328436022934504,-25.328436022934504,-25.328436022934504,-25.328436022934504,-25.328436022934504
94,blongum_GCF_003465455.1_ASM346545v1,-7.3290937210065925,-25.328436022934504,-6.5191472811603965,-8.030084063547564,-25.328436022934504,-25.328436022934504,-25.328436022934504,-25.328436022934504,-25.328436022934504,-25.328436022934504,-25.328436022934504,-25.328436022934504,-25.328436022934504,-25.328436022934504,-25.328436022934504,-25.328436022934504,-25.328436022934504,-25.328436022934504,-25.328436022934504,-25.328436022934504,-25.328436022934504,-25.328436022934504,-25.328436022934504,-25.328436022934504,-25.328436022934504,-25.328436022934504,-25.328436022934504,-25.328436022934504,-25.328436022934504,-25.328436022934504,-25.328436022934504
95,blongum_GCF_002075935.1_Bbif1897B,-7.3290937210065925,-25.328436022934504,-25.328436022934504,-8.030084063547564,-25.328436022934504,-25.328436022934504,-25.328436022934504,-25.328436022934504,-25.328436022934504,-25.328436022934504,-25.328436022934504,-25.328436022934504,-25.328436022934504,-25.328436022934504,-25.328436022934504,-25.328436022934504,-25.328436022934504,-25.328436022934504,-25.328436022934504,-25.328436022934504,-25.328436022934504,-25.328436022934504,-25.328436022934504,-25.328436022934504,-25.328436022934504,-25.328436022934504,-25.328436022934504,-25.328436022934504,-25.328436022934504,-25.328436022934504,-25.328436022934504
96,blongum_GCF_003438385.1_ASM343838v1,-7.3290937210065925,-25.328436022934504,-25.328436022934504,-8.030084063547564,-25.328436022934504,-25.328436022934504,-25.328436022934504,-25.328436022934504,-25.328436022934504,-25.328436022934504,-25.328436022934504,-25.328436022934504,-25.328436022934504,-25.328436022934504,-25.328436022934504,-25.328436022934504,-25.328436022934504,-25.328436022934504,-25.328436022934504,-25.328436022934504,-25.328436022934504,-25.328436022934504,-25.328436022934504,-25.328436022934504,-25.328436022934504,-25.328436022934504,-25.328436022934504,-25.328436022934504,-25.328436022934504,-25.328436022934504,-25.328436022934504
97,blongum_GCF_002833065.1_ASM283306v1,-7.3290937210065925,-25.328436022934504,-6.5191472811603965,-8.030084063547564,-25.328436022934504,-25.328436022934504,-25.328436022934504,-25.328436022934504,-25.328436022934504,-25.328436022934504,-25.328436022934504,-25.328436022934504,-25.328436022934504,-25.328436022934504,-25.328436022934504,-25.328436022934504,-25.328436022934504,-25.328436022934504,-25.328436022934504,-25.328436022934504,-25.328436022934504,-25.328436022934504,-25.328436022934504,-25.328436022934504,-25.328436022934504,-25.328436022934504,-25.328436022934504,-25.328436022934504,-25.328436022934504,-25.328436022934504,-25.328436022934504
98,blongum_GCF_003437455.1_ASM343745v1,-7.3290937210065925,-25.328436022934504,-6.113682175312232,-8.030084063547564,-25.328436022934504,-25.328436022934504,-25.328436022934504,-25.328436022934504,-25.328436022934504,-25.328436022934504,-25.328436022934504,-25.328436022934504,-25.328436022934504,-25.328436022934504,-25.328436022934504,-25.328436022934504,-25.328436022934504,-25.328436022934504,-25.328436022934504,-25.328436022934504,-25.328436022934504,-25.328436022934504,-25.328436022934504,-25.328436022934504,-25.328436022934504,-25.328436022934504,-25.328436022934504,-25.328436022934504,-25.328436022934504,-25.328436022934504,-25.328436022934504
99,blongum_GCF_003370065.1_ASM337006v1,-6.635946548066647,-25.328436022934504,-6.5191472811603965,-8.030084063547564,-25.328436022934504,-25.328436022934504,-25.328436022934504,-25.328436022934504,-25.328436022934504,-25.328436022934504,-25.328436022934504,-25.328436022934504,-25.328436022934504,-25.328436022934504,-25.328436022934504,-25.328436022934504,-25.328436022934504,-25.328436022934504,-25.328436022934504,-25.328436022934504,-25.328436022934504,-25.328436022934504,-25.328436022934504,-25.328436022934504,-25.328436022934504,-25.328436022934504,-25.328436022934504,-25.328436022934504,-25.328436022934504,-25.328436022934504,-25.328436022934504
100,blongum_GCF_002833055.1_ASM283305v1,-7.3290937210065925,-25.328436022934504,-6.5191472811603965,-8.030084063547564,-25.328436022934504,-25.328436022934504,-25.328436022934504,-25.328436022934504,-25.328436022934504,-25.328436022934504,-25.328436022934504,-25.328436022934504,-25.328436022934504,-25.328436022934504,-25.328436022934504,-25.328436022934504,-25.328436022934504,-25.328436022934504,-25.328436022934504,-25.328436022934504,-25.328436022934504,-25.328436022934504,-25.328436022934504,-25.328436022934504,-25.328436022934504,-25.328436022934504,-25.328436022934504,-25.328436022934504,-25.328436022934504,-25.328436022934504,-25.328436022934504
101,blongum_GCF_003471915.1_ASM347191v1,-25.328436022934504,-25.328436022934504,-6.5191472811603965,-25.328436022934504,-25.328436022934504,-25.328436022934504,-25.328436022934504,-25.328436022934504,-25.328436022934504,-25.328436022934504,-25.328436022934504,-25.328436022934504,-25.328436022934504,-25.328436022934504,-25.328436022934504,-25.328436022934504,-25.328436022934504,-25.328436022934504,-25.328436022934504,-25.328436022934504,-25.328436022934504,-25.328436022934504,-25.328436022934504,-25.328436022934504,-25.328436022934504,-25.328436022934504,-25.328436022934504,-25.328436022934504,-25.328436022934504,-25.328436022934504,-25.328436022934504
102,blongum_GCF_002833315.1_ASM283331v1,-7.3290937210065925,-25.328436022934504,-25.328436022934504,-8.030084063547564,-25.328436022934504,-25.328436022934504,-25.328436022934504,-25.328436022934504,-25.328436022934504,-25.328436022934504,-25.328436022934504,-25.328436022934504,-25.328436022934504,-25.328436022934504,-25.328436022934504,-25.328436022934504,-25.328436022934504,-25.328436022934504,-25.328436022934504,-25.328436022934504,-25.328436022934504,-25.328436022934504,-25.328436022934504,-25.328436022934504,-25.328436022934504,-25.328436022934504,-25.328436022934504,-25.328436022934504,-25.328436022934504,-25.328436022934504,-25.328436022934504
103,blongum_GCF_003437715.1_ASM343771v1,-7.3290937210065925,-25.328436022934504,-6.113682175312232,-8.030084063547564,-25.328436022934504,-25.328436022934504,-25.328436022934504,-25.328436022934504,-25.328436022934504,-25.328436022934504,-25.328436022934504,-25.328436022934504,-25.328436022934504,-25.328436022934504,-25.328436022934504,-25.328436022934504,-25.328436022934504,-25.328436022934504,-25.328436022934504,-25.328436022934504,-25.328436022934504,-25.328436022934504,-25.328436022934504,-25.328436022934504,-25.328436022934504,-25.328436022934504,-25.328436022934504,-25.328436022934504,-25.328436022934504,-25.328436022934504,-25.328436022934504
104,blongum_GCF_900157165.1_Bifido_12_v1,-7.3290937210065925,-25.328436022934504,-7.2122944549403405,-8.030084063547564,-25.328436022934504,-25.328436022934504,-25.328436022934504,-25.328436022934504,-25.328436022934504,-25.328436022934504,-25.328436022934504,-25.328436022934504,-25.328436022934504,-25.328436022934504,-25.328436022934504,-25.328436022934504,-25.328436022934504,-25.328436022934504,-25.328436022934504,-25.328436022934504,-25.328436022934504,-25.328436022934504,-25.328436022934504,-25.328436022934504,-25.328436022934504,-25.328436022934504,-25.328436022934504,-25.328436022934504,-25.328436022934504,-25.328436022934504,-25.328436022934504
105,blongum_GCF_003468825.1_ASM346882v1,-25.328436022934504,-25.328436022934504,-7.2122944549403405,-25.328436022934504,-25.328436022934504,-25.328436022934504,-25.328436022934504,-25.328436022934504,-25.328436022934504,-25.328436022934504,-25.328436022934504,-25.328436022934504,-25.328436022934504,-25.328436022934504,-25.328436022934504,-25.328436022934504,-25.328436022934504,-25.328436022934504,-25.328436022934504,-25.328436022934504,-25.328436022934504,-25.328436022934504,-25.328436022934504,-25.328436022934504,-25.328436022934504,-25.328436022934504,-25.328436022934504,-25.328436022934504,-25.328436022934504,-25.328436022934504,-25.328436022934504
106,blongum_GCF_002833115.1_ASM283311v1,-7.3290937210065925,-25.328436022934504,-6.113682175312232,-8.030084063547564,-25.328436022934504,-25.328436022934504,-25.328436022934504,-25.328436022934504,-25.328436022934504,-25.328436022934504,-25.328436022934504,-25.328436022934504,-25.328436022934504,-25.328436022934504,-25.328436022934504,-25.328436022934504,-25.328436022934504,-25.328436022934504,-25.328436022934504,-25.328436022934504,-25.328436022934504,-25.328436022934504,-25.328436022934504,-25.328436022934504,-25.328436022934504,-25.328436022934504,-25.328436022934504,-25.328436022934504,-25.328436022934504,-25.328436022934504,-25.328436022934504
107,blongum_GCF_003463285.1_ASM346328v1,-25.328436022934504,-25.328436022934504,-7.2122944549403405,-25.328436022934504,-25.328436022934504,-25.328436022934504,-25.328436022934504,-25.328436022934504,-25.328436022934504,-25.328436022934504,-25.328436022934504,-25.328436022934504,-25.328436022934504,-25.328436022934504,-25.328436022934504,-25.328436022934504,-25.328436022934504,-25.328436022934504,-25.328436022934504,-25.328436022934504,-25.328436022934504,-25.328436022934504,-25.328436022934504,-25.328436022934504,-25.328436022934504,-25.328436022934504,-25.328436022934504,-25.328436022934504,-25.328436022934504,-25.328436022934504,-25.328436022934504
108,blongum_GCF_003094975.1_ASM309497v1,-7.3290937210065925,-25.328436022934504,-6.5191472811603965,-8.030084063547564,-25.328436022934504,-25.328436022934504,-25.328436022934504,-25.328436022934504,-25.328436022934504,-25.328436022934504,-25.328436022934504,-25.328436022934504,-25.328436022934504,-25.328436022934504,-25.328436022934504,-25.328436022934504,-25.328436022934504,-25.328436022934504,-25.328436022934504,-25.328436022934504,-25.328436022934504,-25.328436022934504,-25.328436022934504,-25.328436022934504,-25.328436022934504,-25.328436022934504,-25.328436022934504,-25.328436022934504,-25.328436022934504,-25.328436022934504,-25.328436022934504
109,blongum_GCF_002833125.1_ASM283312v1,-7.3290937210065925,-25.328436022934504,-6.5191472811603965,-8.030084063547564,-25.328436022934504,-25.328436022934504,-25.328436022934504,-25.328436022934504,-25.328436022934504,-25.328436022934504,-25.328436022934504,-25.328436022934504,-25.328436022934504,-25.328436022934504,-25.328436022934504,-25.328436022934504,-25.328436022934504,-25.328436022934504,-25.328436022934504,-25.328436022934504,-25.328436022934504,-25.328436022934504,-25.328436022934504,-25.328436022934504,-25.328436022934504,-25.328436022934504,-25.328436022934504,-25.328436022934504,-25.328436022934504,-25.328436022934504,-25.328436022934504
110,blongum_GCF_000007525.1_ASM752v1,-7.3290937210065925,-25.328436022934504,-6.5191472811603965,-8.030084063547564,-25.328436022934504,-25.328436022934504,-25.328436022934504,-25.328436022934504,-25.328436022934504,-25.328436022934504,-25.328436022934504,-25.328436022934504,-25.328436022934504,-25.328436022934504,-25.328436022934504,-25.328436022934504,-25.328436022934504,-25.328436022934504,-25.328436022934504,-25.328436022934504,-25.328436022934504,-25.328436022934504,-25.328436022934504,-25.328436022934504,-25.328436022934504,-25.328436022934504,-25.328436022934504,-25.328436022934504,-25.328436022934504,-25.328436022934504,-25.328436022934504
111,blongum_GCF_900103055.1_IMG-taxon_2636416037_annotated_assembly,-7.3290937210065925,-25.328436022934504,-25.328436022934504,-8.030084063547564,-25.328436022934504,-25.328436022934504,-25.328436022934504,-25.328436022934504,-25.328436022934504,-25.328436022934504,-25.328436022934504,-25.328436022934504,-25.328436022934504,-25.328436022934504,-25.328436022934504,-25.328436022934504,-25.328436022934504,-25.328436022934504,-25.328436022934504,-25.328436022934504,-25.328436022934504,-25.328436022934504,-25.328436022934504,-25.328436022934504,-25.328436022934504,-25.328436022934504,-25.328436022934504,-25.328436022934504,-25.328436022934504,-25.328436022934504,-25.328436022934504
112,blongum_GCF_900157195.1_Bifido_02_v1,-7.3290937210065925,-25.328436022934504,-6.5191472811603965,-8.030084063547564,-25.328436022934504,-25.328436022934504,-25.328436022934504,-25.328436022934504,-25.328436022934504,-25.328436022934504,-25.328436022934504,-25.328436022934504,-25.328436022934504,-25.328436022934504,-25.328436022934504,-25.328436022934504,-25.328436022934504,-25.328436022934504,-25.328436022934504,-25.328436022934504,-25.328436022934504,-25.328436022934504,-25.328436022934504,-25.328436022934504,-25.328436022934504,-25.328436022934504,-25.328436022934504,-25.328436022934504,-25.328436022934504,-25.328436022934504,-25.328436022934504
113,blongum_GCF_002833265.1_ASM283326v1,-7.3290937210065925,-25.328436022934504,-6.5191472811603965,-8.030084063547564,-25.328436022934504,-25.328436022934504,-25.328436022934504,-25.328436022934504,-25.328436022934504,-25.328436022934504,-25.328436022934504,-25.328436022934504,-25.328436022934504,-25.328436022934504,-25.328436022934504,-25.328436022934504,-25.328436022934504,-25.328436022934504,-25.328436022934504,-25.328436022934504,-25.328436022934504,-25.328436022934504,-25.328436022934504,-25.328436022934504,-25.328436022934504,-25.328436022934504,-25.328436022934504,-25.328436022934504,-25.328436022934504,-25.328436022934504,-25.328436022934504
114,blongum_GCF_003370255.1_ASM337025v1,-25.328436022934504,-25.328436022934504,-25.328436022934504,-25.328436022934504,-25.328436022934504,-25.328436022934504,-25.328436022934504,-25.328436022934504,-25.328436022934504,-25.328436022934504,-25.328436022934504,-25.328436022934504,-25.328436022934504,-25.328436022934504,-25.328436022934504,-25.328436022934504,-25.328436022934504,-25.328436022934504,-25.328436022934504,-25.328436022934504,-25.328436022934504,-25.328436022934504,-25.328436022934504,-25.328436022934504,-25.328436022934504,-25.328436022934504,-25.328436022934504,-25.328436022934504,-25.328436022934504,-25.328436022934504,-25.328436022934504
115,blongum_GCF_003466505.1_ASM346650v1,-7.3290937210065925,-25.328436022934504,-25.328436022934504,-8.030084063547564,-25.328436022934504,-25.328436022934504,-25.328436022934504,-25.328436022934504,-25.328436022934504,-25.328436022934504,-25.328436022934504,-25.328436022934504,-25.328436022934504,-25.328436022934504,-25.328436022934504,-25.328436022934504,-25.328436022934504,-25.328436022934504,-25.328436022934504,-25.328436022934504,-25.328436022934504,-25.328436022934504,-25.328436022934504,-25.328436022934504,-25.328436022934504,-25.328436022934504,-25.328436022934504,-25.328436022934504,-25.328436022934504,-25.328436022934504,-25.328436022934504
116,blongum_GCF_002833255.1_ASM283325v1,-7.3290937210065925,-25.328436022934504,-7.2122944549403405,-8.030084063547564,-25.328436022934504,-25.328436022934504,-25.328436022934504,-25.328436022934504,-25.328436022934504,-25.328436022934504,-25.328436022934504,-25.328436022934504,-25.328436022934504,-25.328436022934504,-25.328436022934504,-25.328436022934504,-25.328436022934504,-25.328436022934504,-25.328436022934504,-25.328436022934504,-25.328436022934504,-25.328436022934504,-25.328436022934504,-25.328436022934504,-25.328436022934504,-25.328436022934504,-25.328436022934504,-25.328436022934504,-25.328436022934504,-25.328436022934504,-25.328436022934504
117,blongum_GCF_003471345.1_ASM347134v1,-7.3290937210065925,-25.328436022934504,-25.328436022934504,-8.030084063547564,-25.328436022934504,-25.328436022934504,-25.328436022934504,-25.328436022934504,-25.328436022934504,-25.328436022934504,-25.328436022934504,-25.328436022934504,-25.328436022934504,-25.328436022934504,-25.328436022934504,-25.328436022934504,-25.328436022934504,-25.328436022934504,-25.328436022934504,-25.328436022934504,-25.328436022934504,-25.328436022934504,-25.328436022934504,-25.328436022934504,-25.328436022934504,-25.328436022934504,-25.328436022934504,-25.328436022934504,-25.328436022934504,-25.328436022934504,-25.328436022934504
118,blongum_GCF_003475865.1_ASM347586v1,-7.3290937210065925,-25.328436022934504,-7.2122944549403405,-8.030084063547564,-25.328436022934504,-25.328436022934504,-25.328436022934504,-25.328436022934504,-25.328436022934504,-25.328436022934504,-25.328436022934504,-25.328436022934504,-25.328436022934504,-25.328436022934504,-25.328436022934504,-25.328436022934504,-25.328436022934504,-25.328436022934504,-25.328436022934504,-25.328436022934504,-25.328436022934504,-25.328436022934504,-25.328436022934504,-25.328436022934504,-25.328436022934504,-25.328436022934504,-25.328436022934504,-25.328436022934504,-25.328436022934504,-25.328436022934504,-25.328436022934504
